block_number,pair_address,token0,token1,creator_address,liquidity_eth,is_locked,has_mint_function,creator_funded_by_tornado,status,drop_percent
18000000,0x58feea6ecd25b8a8a742690e9b334efa71256105,0xa7c0402709db8c50078ba7d8c842b7ca3d97a746,0xC02aaA39b223FE8D0A0e5C4F27eAD9083C756Cc2,0x2bff0803e1a8877367f369b62d98d984e3d6ef10,3.76,False,True,True,RUG,-83.19
18000001,0x4c3483925e379fbabbf7fee4292198b585813f65,0x419335a116afcd9fb4cb1365a3cfae5ad8cc1e0f,0xC02aaA39b223FE8D0A0e5C4F27eAD9083C756Cc2,0x911becef91ad8b486bddc08a559c6a964d11f935,4.42,False,False,True,RUG,-91.69
18000002,0x7681b645db704e1c766c54960036bcec7326293d,0xf9493eaa3eb357a77f621c0dd77a0faed61c2e35,0xC02aaA39b223FE8D0A0e5C4F27eAD9083C756Cc2,0x31718aaee9d02a13803a8fa7fe68f3fc7dfe7ade,3.09,False,False,True,RUG,-96.89
18000003,0x2381615486a9278e97d086c31b47b4bea34a16f6,0x5a0e0c1c38b74aa538bcec846d88f5ace6a64a79,0xC02aaA39b223FE8D0A0e5C4F27eAD9083C756Cc2,0x40ad2e459bf6db0528231ae62ddc6dd86cf83213,58.74,True,False,False,SAFE,25.59
18000004,0x5475515d0757eaaf03993060f1df3ce86f26896b,0xc793c8a99d484c24f2ce234c5d1dbceaeb2a666f,0xC02aaA39b223FE8D0A0e5C4F27eAD9083C756Cc2,0x6b9605c607b9d8c2420b5e47e28be7d6a46089cd,4.55,False,True,True,RUG,-96.92
18000005,0x468d42f1e0ea1c7c411eb6bca6b73fe925a3ea78,0x89a08432840b252495913b2c631c662bb1b05a7b,0xC02aaA39b223FE8D0A0e5C4F27eAD9083C756Cc2,0x6c063622637e663f13e4973cf7e8d55a9c1c4b94,0.71,False,False,True,RUG,-80.87
18000006,0x4b42832429df917cd5e95130094b2e727b580d3a,0x223e3ae610083f8def76b558954879465a8a8d29,0xC02aaA39b223FE8D0A0e5C4F27eAD9083C756Cc2,0x762c12ecd768c328d490648e4529d8db5c994135,2.0,True,True,False,RUG,-91.93
18000007,0x415265da09d8f56ce82bb1ff3d040cff3856c3ae,0x366c99dd5600151aaa45490f48dc759d4fed3ee4,0xC02aaA39b223FE8D0A0e5C4F27eAD9083C756Cc2,0xcfe6c060f14840f095c2c35b7978382725f4ec8d,4.65,False,True,True,RUG,-84.99
18000008,0x0db4c8d5dcd36a1208de4eaec6383c0859d0009b,0xacbd28f03d1176c184e4c7e82f60a655cdcd2884,0xC02aaA39b223FE8D0A0e5C4F27eAD9083C756Cc2,0x29bea0e31581a7df5b8ff13d79244f93e676f475,2.07,True,True,True,RUG,-90.08
18000009,0xee00e5c21152417d76a90803a63de0719e74aea5,0xd01fcf5485ef565c94a3920bfb82d8a61471e43d,0xC02aaA39b223FE8D0A0e5C4F27eAD9083C756Cc2,0x1a4736660546ad1e858aae8098ede861759cb2f7,1.16,False,True,True,RUG,-94.93
18000010,0x2702610204fc4a5e600115d2dc64aefb141ac764,0x6cb6a2dce9a16b33d68b210eabfac0cd2fca5309,0xC02aaA39b223FE8D0A0e5C4F27eAD9083C756Cc2,0x59f45097e554be8ee70788b70c9f4c6d3b6e8c23,4.43,False,True,False,RUG,-82.98
18000011,0x41e78899825fcdb15742db09c3fd486756dc357f,0x23130430f68b3e9f153a36290b48128a838be5a5,0xC02aaA39b223FE8D0A0e5C4F27eAD9083C756Cc2,0xc4268b60658300cc9dc0eee53d2a592f0b4899e2,19.7,True,False,False,SAFE,31.63
18000012,0xda143c761a01cd2b0d0e1fe188bdb6b39aee0308,0x1268b732af48ca02111ce21cf9db8c3aa643df14,0xC02aaA39b223FE8D0A0e5C4F27eAD9083C756Cc2,0x8d7890956cca11488279cc059fb5fb6fbb008338,0.39,False,False,True,RUG,-95.9
18000013,0x311ab4cf45ee599c1a040dbc97fcb7e0b629057f,0xf98edf73f1b473050af0e6d82b08e7f204bb39b9,0xC02aaA39b223FE8D0A0e5C4F27eAD9083C756Cc2,0xe3d4f935016c7fbaae1d135e83c3c2efe1a413fe,1.51,True,True,True,RUG,-92.56
18000014,0xd3a717bad7821734fb2deb4b475decfff6ac5314,0xf192b6999e901e92691e9ad9078ca483be95b40a,0xC02aaA39b223FE8D0A0e5C4F27eAD9083C756Cc2,0xc8e687722186135ed56cc8809ac8a82a8f0ec2f4,71.18,True,False,True,SAFE,-14.62
18000015,0x7a703d106bc63167a9b753fd258817f0e11070c8,0xc7729bcac3ae01cb2b4443ba90d4ce20015052a8,0xC02aaA39b223FE8D0A0e5C4F27eAD9083C756Cc2,0xe2814188b8d6682037adaea13355a1f0b4b8afb8,0.47,False,False,False,RUG,-86.53
18000016,0xcffc0f85d813b368df9c41a82460d86e73a0bb4c,0x896554d836f54563b792c4e2d2c2fc7e9a53915b,0xC02aaA39b223FE8D0A0e5C4F27eAD9083C756Cc2,0x331061c31357aa0e0067f452c0013247c6c28707,4.1,False,True,False,RUG,-85.48
18000017,0x62b3e09f7f6f92d81f48d846dcbeca5ac63adb28,0x9cf5f1ddae07382e90dc4c2d4716085fc3c57977,0xC02aaA39b223FE8D0A0e5C4F27eAD9083C756Cc2,0xdaa75b20a8db56cea39bf2ef53608a1782d18eb0,2.84,True,False,True,RUG,-95.62
18000018,0x839a02149e365b20100e58db4b7fe8751da4af44,0xf7437341e406f9beb22a6a79560891f6c010efc5,0xC02aaA39b223FE8D0A0e5C4F27eAD9083C756Cc2,0x730727cc7f5d833d62c7c762870f5ef9fe506db1,3.66,True,False,False,RUG,-95.74
18000019,0x8dce65f11b829f77a78024f2b68c612b9c1f1a94,0xea98504371d75acfecbc0704d5e3271c43b20f2e,0xC02aaA39b223FE8D0A0e5C4F27eAD9083C756Cc2,0x1918f098dfa8a66fb97256e1dfa5882b1d0069c6,3.9,True,True,False,RUG,-97.64
18000020,0xbaef85d2c3c265d26354eb47ca00e5c4be3ec8c7,0x6c1f723e93a7f680a9240e8d8d8c33262425258e,0xC02aaA39b223FE8D0A0e5C4F27eAD9083C756Cc2,0xf5f18b46d0a6c8c87bd8f8d8d17fc325636bf7cc,4.16,False,True,True,RUG,-90.93
18000021,0xe488542c200d1b3aba6daf65cabc9301c98d1bee,0x8064d6185f0b73e1143911f02e998f13b64bf121,0xC02aaA39b223FE8D0A0e5C4F27eAD9083C756Cc2,0xf2ca595b7d9fa1b12a24b843b98945849b12674a,3.6,False,True,True,RUG,-99.22
18000022,0xaa6bc0bfbdd2d8b3dd3ccf04a78fb42b544141c0,0x8d0b288453bc24ed0c160b2bb8d6b37541470400,0xC02aaA39b223FE8D0A0e5C4F27eAD9083C756Cc2,0xe8150dfe9e161d179f9922f009ff189e8be61587,3.05,False,True,True,RUG,-93.39
18000023,0xb02ed822e48501c92ed1a080b8da58c1897070c4,0x88412256efaa7f0a5d24bd68366bb7a4cb8d935b,0xC02aaA39b223FE8D0A0e5C4F27eAD9083C756Cc2,0xdd347c962e4c82bafc74cc939fc7f9c3c4ebac59,79.92,True,False,False,SAFE,18.97
18000024,0x1ade54bb88e464ae0cf328874269fe5b4ea968f5,0x7967ab51e542e06c8b0051e8c804f19ff8b2106b,0xC02aaA39b223FE8D0A0e5C4F27eAD9083C756Cc2,0x86ec82f99d4d5f1fe000ab5925fc2fa590962c84,2.89,True,True,True,RUG,-96.34
18000025,0x6e038ee0d918d7844f4ffc87c271a156f4df6b32,0xb880737eae04a629fce9f87fda77b93cf16e492c,0xC02aaA39b223FE8D0A0e5C4F27eAD9083C756Cc2,0x668e8ca9cae3fe87487504a793a79efc5edabf8a,2.56,True,True,True,RUG,-89.3
18000026,0xf171abbabf7e6308a3b017005028454f1f966b53,0x247ea9bbbded07d30104fb3986f0bb6464096598,0xC02aaA39b223FE8D0A0e5C4F27eAD9083C756Cc2,0xf6a073605b88635cf671154831fdcf36dbfd2086,1.79,True,True,True,RUG,-94.74
18000027,0x744b10d2612feb8478397341016fe1cc242dfdb2,0xadbce85093a18a13ac22006539ebfa57542ee8c2,0xC02aaA39b223FE8D0A0e5C4F27eAD9083C756Cc2,0x2a5a242e24061e756293ab19ba0b17d07373d01f,2.45,False,True,True,RUG,-99.89
18000028,0x0099ef9ed9126a001576b4280c9bc9218ad2ad14,0xa0db4ceef7293e92b66720c1241478ed8d2e4440,0xC02aaA39b223FE8D0A0e5C4F27eAD9083C756Cc2,0xc2be8382f61a79a54cba77c8ba04cb018e57eaa5,4.46,False,True,True,RUG,-94.79
18000029,0x61b6c9aa67afe02fb5c51343257a64456989fe36,0x0663f98590dd42b60e8ceece03121ae953c86221,0xC02aaA39b223FE8D0A0e5C4F27eAD9083C756Cc2,0xf7a79589f65df352a19b8db7f995fca9731ac08b,2.03,True,True,True,RUG,-85.22
18000030,0x58f745b810ab9235583a42ced90387ff1bbab2f7,0xcbd3d5211a5d28e4413983144fbf38c41381eada,0xC02aaA39b223FE8D0A0e5C4F27eAD9083C756Cc2,0xe5ca5db390c2df1abfec6bc6501d2d89a74b0f2c,95.12,True,False,False,SAFE,5.39
18000031,0x52e068a4323e00927ea4873a98473cd559d857b2,0xab2b67c8d23f4c25e398096645140396aa432203,0xC02aaA39b223FE8D0A0e5C4F27eAD9083C756Cc2,0x0dfb801af2a9112c5a5f2de47b3e5ff5ab1c4122,4.27,False,True,True,RUG,-98.27
18000032,0xffd7cfc092e71525e425b4593424ebe7e2f50346,0xd562afd897ea3d1e68642f4f7f9b19ec962be1ba,0xC02aaA39b223FE8D0A0e5C4F27eAD9083C756Cc2,0x966a78cfab8d4b39b3e0aa6e4b7fe1d37f21569b,3.71,True,True,True,RUG,-93.38
18000033,0xd76aef6bbfd52ca14d27af2f3e2d69b41238709c,0xe8f4c960204ffc7a2d6764451f74de8719cb2203,0xC02aaA39b223FE8D0A0e5C4F27eAD9083C756Cc2,0xeb80437b8a179870208e781f34424496e5d3937c,35.11,True,False,False,SAFE,-6.77
18000034,0x667243a6f5082803a490617cd5237707570bea5e,0x130e7cc26e2d70141cfad6f922d8a835bea400f3,0xC02aaA39b223FE8D0A0e5C4F27eAD9083C756Cc2,0x56ae7dcdac43d84cc8926c19bf271a7373551791,1.81,False,True,True,RUG,-81.59
18000035,0xbf42676e7570636c6b4000f2e915d41ce51f0565,0xd7cf862604ca3c3e2f64c89541ab7c7e318111ac,0xC02aaA39b223FE8D0A0e5C4F27eAD9083C756Cc2,0xf7a9e6e2cc161f65a59a1c2656175d858de4d33b,3.46,True,True,True,RUG,-82.22
18000036,0x3cf337deb664b9bd9d9c8a92b411ff0b9ce9a4ae,0x1cb7adf6cf563e9e9c44e2f0ed73ef15896600e8,0xC02aaA39b223FE8D0A0e5C4F27eAD9083C756Cc2,0x9a61324d9a56060e5505451fb236aecae7285fd3,2.22,False,False,True,RUG,-83.45
18000037,0xe31b0fb6a7e5a426def35c926e0358ad8bf4753b,0x2c7a7b7604ce45e0910334629108212e61884e81,0xC02aaA39b223FE8D0A0e5C4F27eAD9083C756Cc2,0xe4e904d40048084ac514ecf6ac4e0895a46d2911,3.52,True,True,True,RUG,-90.79
18000038,0xafcf0c43d3ea18cd4f1a09b0dae54f3d1c17df6c,0xb550b3227f31c52461788f39141b58305fa9fb84,0xC02aaA39b223FE8D0A0e5C4F27eAD9083C756Cc2,0x7d7ecf50f566b2361356abf568b2aa1724c87bc6,62.13,True,False,False,SAFE,3.23
18000039,0xcfabf9f3efabfa885334dc423074c50b2e1e03e8,0x8f32884896e8079e6c21d11e4b7496bcf66ec871,0xC02aaA39b223FE8D0A0e5C4F27eAD9083C756Cc2,0xe0f7d5dc58b9e58b0832126b99ee917c521675b1,1.46,False,True,False,RUG,-80.99
18000040,0xfc631d5d11a4eab91c047c1d226637cb1c92c3a3,0x9a556d0cdb1cb80103e60142bcb0953cdb449575,0xC02aaA39b223FE8D0A0e5C4F27eAD9083C756Cc2,0x057362626c200b5adaa1427fd82f239e0b19f400,0.54,True,True,True,RUG,-80.25
18000041,0x142e271f0d641d9481bdfe4e0fb31c03562799e7,0x4f2a76db672c2765e64676ff65eede75bf35a478,0xC02aaA39b223FE8D0A0e5C4F27eAD9083C756Cc2,0xa10a01abe881160dbc086b3f9b5a6e495e24fe95,74.35,True,True,False,SAFE,47.41
18000042,0xbcb7ffcaa053bde5f95dc4c895df565d363eaa79,0x9f0b0a9e3b324a8bc7a8f3b84ab0cd1758c5361b,0xC02aaA39b223FE8D0A0e5C4F27eAD9083C756Cc2,0xed39f115012f90fad3aa441e98dbc5c91f6b5f89,0.47,False,True,True,RUG,-86.27
18000043,0x0cf3473e0fecf83c52894961597db3b9544b21a3,0x2bf1b358a8eaadd7c95b41745500d49a22ca1164,0xC02aaA39b223FE8D0A0e5C4F27eAD9083C756Cc2,0x6f91fdf7b335d50aa17d0c01dbc82fdbbf22f943,3.78,True,True,True,RUG,-80.96
18000044,0xadaea07a9df2d0c2b67a26788efe0a6dabbe690f,0xe46243adb3b7d948e76de1c82570d8b30629b579,0xC02aaA39b223FE8D0A0e5C4F27eAD9083C756Cc2,0xacbea9088b4dd9335cbd066b28406344134c10db,92.33,True,True,False,SAFE,37.24
18000045,0xb3b0d2f625b9e3e8762a46bc56d2c9f178edfbb1,0x65577f5c386ccc6f8bf04d88db0ab1cd07b92ece,0xC02aaA39b223FE8D0A0e5C4F27eAD9083C756Cc2,0xfd1be3ede964b31634bfb4a94dc7b9c84b045dac,0.51,False,True,True,RUG,-91.8
18000046,0x7e7fc2a5946a6a0d3e451c0be1dba5428c636572,0xeb81d39720943cbbb583bb7b14c8c0c26a0392ab,0xC02aaA39b223FE8D0A0e5C4F27eAD9083C756Cc2,0x3564adcce7d8a54a12aea587dbb39147cb853972,97.09,True,True,False,SAFE,31.22
18000047,0x3153fae2133195ba34568d6c8d94b75a66613df5,0x97d36c9ab1662712c7f264a50cc5499908a32f72,0xC02aaA39b223FE8D0A0e5C4F27eAD9083C756Cc2,0xb201c16224b98ea8a7c17c5481e61e20c35aa954,2.57,False,False,True,RUG,-91.52
18000048,0x354947cc13dff4a6edc154c9f5403e7685496c90,0xb22ec07700e6665e4d4c0870fb9e1af1f1c3b355,0xC02aaA39b223FE8D0A0e5C4F27eAD9083C756Cc2,0x7e594f57ccd3dffde73d686d5bdcd7ace40342ad,2.1,False,True,True,RUG,-86.2
18000049,0xe6fc2aa1b134478c2fb7fd2e07296a0288d97369,0x960b108fbd7bbe8cef1fbb32256971824ede59b2,0xC02aaA39b223FE8D0A0e5C4F27eAD9083C756Cc2,0xd4918d4f871ad48bbcfa7d01594a88498512b665,0.62,False,True,False,RUG,-98.73
18000050,0x80b4fc8dd9daca1923fb2046bc68ef946c4b7843,0x4c08511422d6194d09ba732b0714265696a1b2e4,0xC02aaA39b223FE8D0A0e5C4F27eAD9083C756Cc2,0xc89df2f6824590c5f65fc1c3bcadc6f42334f5ba,21.08,True,False,False,SAFE,46.2
18000051,0x65e7da27acbdbc163f31a126d054cd311a0e964f,0x177cb9a057ab1036a0bbcb36ef4e9fcce44c6ada,0xC02aaA39b223FE8D0A0e5C4F27eAD9083C756Cc2,0xb86b9395deb6111a1f1e47a2b3472f7cde761bc0,4.33,True,True,True,RUG,-98.49
18000052,0xe922b5b408303c55f89d582428f895c7f182555f,0xa821bb6825d86b100d77e67f482895aa111ba0ff,0xC02aaA39b223FE8D0A0e5C4F27eAD9083C756Cc2,0xa0848acb212413acd225070e898e3ba470cc110a,4.54,False,True,True,RUG,-86.58
18000053,0xabe6bb85999bc5293789bd21b5b6d54e8b5837a9,0x9cd6e40a82487a95756e822d9c281c938131e80a,0xC02aaA39b223FE8D0A0e5C4F27eAD9083C756Cc2,0xd5f6a9ca319805995702c3f0367dd31549b0f9a4,0.91,False,True,True,RUG,-88.41
18000054,0x43525f45ee815f7cb598d0d2802346f7668328e0,0x38248609295d691fb3d97a44657695a333dd5774,0xC02aaA39b223FE8D0A0e5C4F27eAD9083C756Cc2,0xb82fca245ce06cd2b35561b35195e86de8b0d7d6,4.08,False,True,True,RUG,-96.29
18000055,0xb6bd65ef6227c1d50908c75a8f9fbcf690e0c1fd,0x8dc038817ae62b6f49be66ffb83900557f827703,0xC02aaA39b223FE8D0A0e5C4F27eAD9083C756Cc2,0x9485e155985d892ea76f74bb9c4556bf4ffdef0a,85.38,True,False,False,SAFE,12.73
18000056,0x49e357df1ec039f4658217f72b76626bf6977821,0xfd98eda19388c5c5a24894940a18145872fc3593,0xC02aaA39b223FE8D0A0e5C4F27eAD9083C756Cc2,0x2ee3184ca03ddd7712872effcb121b64e0007639,2.05,False,False,True,RUG,-80.3
18000057,0x11619f00c111aeaceb08069826b5a890034c2864,0xe93b9648e926c6d33344a2f60dab28ad8fa9360a,0xC02aaA39b223FE8D0A0e5C4F27eAD9083C756Cc2,0x2209c1364c2153c3df908c3aa9e9f680a423caf3,4.28,False,True,True,RUG,-86.73
18000058,0xcfa1749313af7acf1a7edee91164336473b9299b,0x7524913d80fac0562c5364983976266c0e356300,0xC02aaA39b223FE8D0A0e5C4F27eAD9083C756Cc2,0x9fd59915906c789091433afce7865514159df632,4.64,True,True,True,RUG,-87.12
18000059,0x82198a27bebc3a169a10242ba07fe81df4c0ff31,0xfa4f7693e2880b4e65486cf95c9dbb81d12cd190,0xC02aaA39b223FE8D0A0e5C4F27eAD9083C756Cc2,0xd9fdc54b7141e8b0ced0ba7cbe1a35c3cffa646d,64.23,True,False,False,SAFE,36.68
18000060,0xf7e2007f74ee5c55bc44c1714e847befc4f53289,0x9c5dba111eb741cfba35b2dbca5f3db5467605fd,0xC02aaA39b223FE8D0A0e5C4F27eAD9083C756Cc2,0x80e28f9f7e6bc05a8ec066a9f8655799994a7eb2,63.72,True,True,False,SAFE,6.63
18000061,0x5cd9accd09b24699883e426119b17fdd311782d2,0x68d490be6ae765e959e00cf36548c48d98e5f801,0xC02aaA39b223FE8D0A0e5C4F27eAD9083C756Cc2,0x0c7b1998390077bfb90237c8678bdd1fa6ab0f11,4.54,False,True,True,RUG,-83.09
18000062,0xc89b41eaaae397524b7b62bb8b5936fdbd42d176,0x2797d8fc19d0261945817cbd65c5a3d272e70552,0xC02aaA39b223FE8D0A0e5C4F27eAD9083C756Cc2,0x3b86d7e698855ab76f9cdf031627b6ab069eebf1,1.24,False,False,True,RUG,-85.2
18000063,0xf52a82c09ab2f38b022a579fa1753d801b77c220,0xae83a35b6a26200fafd469d828ee87d316db24d4,0xC02aaA39b223FE8D0A0e5C4F27eAD9083C756Cc2,0xee5b3e8d7b8d19ff78abed71a82ccfd208535dac,95.2,True,False,False,SAFE,20.58
18000064,0xbc5d9a64720085dbcf151a655f296fee040d5d37,0x674363cd795fa7ce44d63ee949a756dc38b5d045,0xC02aaA39b223FE8D0A0e5C4F27eAD9083C756Cc2,0xffe323454d4d8807405e78a85589e92df312fe4e,2.1,True,False,True,RUG,-92.19
18000065,0x7924e38ba330329da61b55c156c5d21b193fb376,0x7ee55b4f61ee29eaa217750f48e48760ba6dda37,0xC02aaA39b223FE8D0A0e5C4F27eAD9083C756Cc2,0x37228ae0621e480c66f8027aa26815cc4bd1e34c,13.76,True,False,False,SAFE,-11.87
18000066,0x684df2b8fea820ee05e1d48e4996fce1eb881eba,0x95d10046cfc3040b6abee1d08c1417655fe47608,0xC02aaA39b223FE8D0A0e5C4F27eAD9083C756Cc2,0xddca1ba6c25b6321a26a697b43854cf2d3f46db4,2.26,False,False,True,RUG,-81.49
18000067,0x4dfa58cd5b6351abfc0987e6d39178d686570fef,0x5d66f2211df4b885cb221a07e4f800971efd8fcf,0xC02aaA39b223FE8D0A0e5C4F27eAD9083C756Cc2,0x4abda83ba8831ca616c8a79bbd7212e4f9fff5d5,2.57,False,True,True,RUG,-93.67
18000068,0xff817ad6d3fac72063d1a04db52f1ea85d8e36b2,0xa91f0bae7926bc027aba3db1e7b8c6134509aa8c,0xC02aaA39b223FE8D0A0e5C4F27eAD9083C756Cc2,0x5760f8a5a6630786282634ee5b413fd84cb36a75,59.25,True,True,False,SAFE,24.38
18000069,0x053702891ad1f965a453cf1f76919ab43f636778,0xe2fa55e6880d90244e4f4c742ec195024abee6f6,0xC02aaA39b223FE8D0A0e5C4F27eAD9083C756Cc2,0x57f78d57f3eccae3c3f118c78a5891753d44f521,1.21,False,False,True,RUG,-98.64
18000070,0xf3cc83e8c8304cf7c623c5651849d3a96da0956a,0x7c32352ded5bfae21bc4263f16ee77e7545a5f45,0xC02aaA39b223FE8D0A0e5C4F27eAD9083C756Cc2,0xaa470a6a216c72689650e232cef35ebc2bcbfe17,4.86,False,True,False,RUG,-97.41
18000071,0xca1ae766b4a71acc2532e789abe55d414a280671,0xb96c6f7e09e8cbb665b7fdd5c1334103564a58b9,0xC02aaA39b223FE8D0A0e5C4F27eAD9083C756Cc2,0x212ed4547284930aee549b46ea4ce3e4630ee1af,2.92,True,True,False,RUG,-96.21
18000072,0xc3f940e44ca1b99694222d7887b7ab073ecd124a,0x053243c7d7aef88d0246857ef9b039ff7e8603a5,0xC02aaA39b223FE8D0A0e5C4F27eAD9083C756Cc2,0xa7d8785e0eead9eb419950534e1543f3af0ea07c,0.5,False,False,True,RUG,-88.51
18000073,0x7916efbf7f03faeaa9d65192a410aa9e54e3de01,0xa7d47a8197528b3ee9ad2391555838ab725d2c7b,0xC02aaA39b223FE8D0A0e5C4F27eAD9083C756Cc2,0x571d7b8ae1432c0b52e793221dc70bc6c63b187b,0.29,False,False,True,RUG,-94.27
18000074,0x563b9a72a5fe4726b548ffe00aedf626c50dcc95,0xd3067fe7fa378f97053562b78ed93c470b8099e0,0xC02aaA39b223FE8D0A0e5C4F27eAD9083C756Cc2,0x8321e3c009487119f02dc4856e2302a3d046ab2a,4.25,False,True,True,RUG,-89.24
18000075,0xa127ad712e2de963f4fa9521ec07c32f97b1cded,0x8b20592c3e407f809394a55054902056254221ff,0xC02aaA39b223FE8D0A0e5C4F27eAD9083C756Cc2,0x432c433811a9653e2bb7e3c3f00078b1aa79a323,3.71,False,False,True,RUG,-91.83
18000076,0x80950fbf689f39dd9556086d803811686babbf38,0xf1a41b9c1f65beaf635108393b4e2991981e0c9a,0xC02aaA39b223FE8D0A0e5C4F27eAD9083C756Cc2,0xf81c2d44c72f7837e03f939be83dd03247797664,0.92,False,True,True,RUG,-90.22
18000077,0x1a91846bb32b2fc6ccd133afd3ada4237f9c379c,0x3b06ed4c99ee8d409f99e62c053ed4c05b721715,0xC02aaA39b223FE8D0A0e5C4F27eAD9083C756Cc2,0x2c8bf23d95ceb509e32602f4ba70e3b93221dbbe,4.2,False,True,False,RUG,-84.23
18000078,0xbd42ec456dc15d166fda36b823ed996d2e1c129d,0x9344a25fdc234601fe91509802ffbf3c80263599,0xC02aaA39b223FE8D0A0e5C4F27eAD9083C756Cc2,0x7e3a89ca3929258a6ee2f1fd2fb90f6bc146a44c,2.31,False,True,True,RUG,-83.5
18000079,0x537ab9e8296bf458e2ad9e704b779bc4e78e1075,0x3f4dc5f1113524dd03bab67c40edef70a4efe680,0xC02aaA39b223FE8D0A0e5C4F27eAD9083C756Cc2,0xfc1e550183019ae1eaf4df896651eb6d6fbf1192,0.44,False,True,True,RUG,-92.63
18000080,0xd6ff36ca8506f183f29170e1d9eb54bc1463e87d,0x9da6a2b026de49425d15c70fed069d3f33052070,0xC02aaA39b223FE8D0A0e5C4F27eAD9083C756Cc2,0x485a9b0b8f70dca834c97a5c040ef403682daee6,4.42,False,True,False,RUG,-94.25
18000081,0x8ddee6d47e978e26d46577247d94755bf6bafec9,0x25f9d4bc460b155fbea43b666dff2bd972a80fc4,0xC02aaA39b223FE8D0A0e5C4F27eAD9083C756Cc2,0x77faf671a44f8a8b20359073fedf8c96a3ec6eef,3.88,False,True,True,RUG,-83.74
18000082,0xcc71fe990e063ebb90101db0e5fe2b4fd094352e,0x955b97409b1f49f561ad688d5033ce53704a96cb,0xC02aaA39b223FE8D0A0e5C4F27eAD9083C756Cc2,0x8003a9ae9512f82d2f2d2114d210fb439b6ec7d3,4.46,True,True,True,RUG,-84.87
18000083,0x70961d99d863f76eba66ad3b0f6cacaa67988354,0x87e37e2e284711a7adcd76b2df7b841d285cda5f,0xC02aaA39b223FE8D0A0e5C4F27eAD9083C756Cc2,0xff65d4763025a10b089910b1f93d030feca6cc00,79.69,True,False,False,SAFE,4.11
18000084,0x13f3b5f3106de7b23e05e6c499bf79afd2c8fd76,0xff87e2a04f84771002608203f4d7c69fbcb54ccd,0xC02aaA39b223FE8D0A0e5C4F27eAD9083C756Cc2,0x2ce8ad8c8fab931d29daa403ba02ce43f341501a,1.31,False,False,True,RUG,-99.47
18000085,0xd9ff9001acfdf8ad08f2b738a4789eb486e96c89,0x4a8f520760ec2fa71dcf96b131e9aed7b82ff9dd,0xC02aaA39b223FE8D0A0e5C4F27eAD9083C756Cc2,0x97245e3041189c05f72010ff35ed14572a2a904e,4.65,True,True,True,RUG,-83.1
18000086,0x24fdac3708dbdf57cea35f22e1976986a4d199b8,0xf3ecd97bdba75c8af66f13b2074ec03831c1adc9,0xC02aaA39b223FE8D0A0e5C4F27eAD9083C756Cc2,0x88ad3cca29aaef2ea0884c27972a364a4d45fb8d,31.68,True,False,False,SAFE,9.3
18000087,0x106f8354a224b6bcfe1d71e113af10c5cd734d45,0xe789df482ce39c12db061e2a8d17575e892b8670,0xC02aaA39b223FE8D0A0e5C4F27eAD9083C756Cc2,0x895af32923d09e4637d229e6c1e35f264061947b,4.21,False,True,True,RUG,-87.61
18000088,0x9e95c54db0378a978b029b3441d193d5e4759bc0,0x8ca495b4f5ad088750c71df6ecb4886a2f92b237,0xC02aaA39b223FE8D0A0e5C4F27eAD9083C756Cc2,0xa2ad6eeaaf0f7ff127314e843843bb5634393616,4.88,False,False,True,RUG,-88.6
18000089,0xd7d20c336b0e7e5cc384622d0680022b3b61dba7,0xc0646a0165f3689a7777ab92242356d071d4cfbd,0xC02aaA39b223FE8D0A0e5C4F27eAD9083C756Cc2,0xa4b23cdfd2cbee6f16efa2cf101ce8280b252381,4.94,False,True,True,RUG,-90.35
18000090,0xa6b121cacd8507e68f8b8521c7615b32c587cf96,0x12ca3f8e0e33b4e406525c32b899d67262ba6f95,0xC02aaA39b223FE8D0A0e5C4F27eAD9083C756Cc2,0x57871ed0ab9fe80a4816c9890ace60f69c808c6b,16.27,True,False,False,SAFE,48.39
18000091,0x6b4eabfc79aa4cecc64fee4435234e15249bbc02,0x34210e1036cc94211536fccaa9049fbd0fa8abfc,0xC02aaA39b223FE8D0A0e5C4F27eAD9083C756Cc2,0x58aed5d3186aabab50bf84b93a88d3d73ea1a118,19.59,True,False,False,SAFE,-0.21
18000092,0x3f1ef2efffa3284441f8248be1d71312e7e8c736,0x957f7aa8c70c6a5ef5918bd1f0d958dedf2922b3,0xC02aaA39b223FE8D0A0e5C4F27eAD9083C756Cc2,0xa7a66e23065f7d57e25933205009b28d711b9cba,1.91,False,False,True,RUG,-96.38
18000093,0xbaf4a5613530d981c996e52dd046e5b303bcd0e7,0xd6e56116833345baf3ffb74cf46f121cab0ea982,0xC02aaA39b223FE8D0A0e5C4F27eAD9083C756Cc2,0xf425edd81e51c9e4b24a85a646b88340a6d28cfe,5.0,False,False,True,RUG,-87.85
18000094,0xce29e0ea9100d98e5cda7852f0e12d933efee086,0xb9ace3802e82bfc21c841c8064ced284acb14fb0,0xC02aaA39b223FE8D0A0e5C4F27eAD9083C756Cc2,0x3a2b4dea2527f1cafd15d82e86575cf84899ed62,4.5,False,True,True,RUG,-94.97
18000095,0x37b4ce80c827fdcca66fae912f2d946cfc4c896f,0xcaae98728e7957fadc2750d15fc0049d7978b74a,0xC02aaA39b223FE8D0A0e5C4F27eAD9083C756Cc2,0x3b1b681e8f643ef26417bd9fd60bdc90fbccef6b,40.62,True,False,False,SAFE,3.54
18000096,0x213a1577c9174bafbd5cba09ee034e0b5921f35f,0xea67b3f4e98bc5143b407e637e8b275dcec079c7,0xC02aaA39b223FE8D0A0e5C4F27eAD9083C756Cc2,0x4028c3ed25d202bf9b05671fe0b656a8ecdbd000,92.25,True,True,True,SAFE,23.73
18000097,0x17809c314362e0afeb8818f67de2012c3d3a0dd6,0xefa8cb060610f595714612f24dcf124e2ad4c8ca,0xC02aaA39b223FE8D0A0e5C4F27eAD9083C756Cc2,0x4ee08b6d50303a21420d51a21ecd60ac6e565c01,0.72,False,True,False,RUG,-95.59
18000098,0xd3554f2f24dea51765973750ca94ae2ef9833595,0xd5c93b28677fff6f4db5242ddeb004fb90ac9f23,0xC02aaA39b223FE8D0A0e5C4F27eAD9083C756Cc2,0x18c0b9a7991c0595094f0fec9985bd5e4eadb291,99.45,True,False,False,SAFE,-2.34
18000099,0x4449bd8cf05204ac9807595c555fccb4b6f52208,0xb126327a203031d01169a42ae68484b82cfeec10,0xC02aaA39b223FE8D0A0e5C4F27eAD9083C756Cc2,0xd238ab8be75283f2923852e83d9bf0da81bfbdf8,4.5,False,True,True,RUG,-90.46
18000100,0x252a59e412efbb3b9bceb5e5bd409e7291ba0f58,0x92721afe47f4742a8eeb7168c0b780f0ed314cad,0xC02aaA39b223FE8D0A0e5C4F27eAD9083C756Cc2,0x683159f3707a788a4bdc8c9c6328852982e3d1e3,0.85,True,True,True,RUG,-96.97
18000101,0x0e8992658bf492026841afec2aa06095d4e39127,0x20a8ddf05cc5f6a7a7fe3f500947d5ed42975373,0xC02aaA39b223FE8D0A0e5C4F27eAD9083C756Cc2,0xcb099da8414db45311c60e75461dc1a4f9561515,14.62,True,False,False,SAFE,39.17
18000102,0xa89a83d563cf2798819738047a2dac8fe668d36b,0x4e926da9cdaca4ec2c1ff5678f062e1392ebefd7,0xC02aaA39b223FE8D0A0e5C4F27eAD9083C756Cc2,0x02b25ab95593fc2126ff230df623c4a80bfa651d,4.66,False,False,False,RUG,-85.35
18000103,0x3c7c89eca50a2dcc71446738d3dc3094ce7231f8,0x2842b87a93b52d9b4ecfffce1a829c85117c22e4,0xC02aaA39b223FE8D0A0e5C4F27eAD9083C756Cc2,0xad62f626e5da4bc2ff84611860b4c3f45010f588,4.08,False,False,False,RUG,-86.97
18000104,0x0f260a889813980724fb793de4c27c423da1c339,0x729f6c2799276f1b12029e24d367aebf8f3cb4cf,0xC02aaA39b223FE8D0A0e5C4F27eAD9083C756Cc2,0x90099be0b5f49b0e806e1e85645062bc01cb1356,2.8,False,False,False,RUG,-97.07
18000105,0xb58de10cd2604079be1d19507cc9ebb13e46f021,0xac92e70543772241b37805a30476a149872a685b,0xC02aaA39b223FE8D0A0e5C4F27eAD9083C756Cc2,0xe70923e1faee3912e462e1b4be9ea22789f14b35,0.47,False,True,True,RUG,-93.97
18000106,0xd81ec59f95dd6ac9d55f56f6bc99987ea04c7eef,0xfb1b631887d299e187ae5974c8f395ae69beb5f4,0xC02aaA39b223FE8D0A0e5C4F27eAD9083C756Cc2,0x94c38b86a83e69e194a663316afa5a1e68486bcd,2.68,False,True,True,RUG,-96.45
18000107,0xeb7df8c1dc414973293f95bf1a76775966e04286,0x4c176e1a83f77e40a5b08323f4f44f0eff6b8129,0xC02aaA39b223FE8D0A0e5C4F27eAD9083C756Cc2,0xf24694445f478eb35571ba9f3f70cf4350b3ed66,2.76,False,True,False,RUG,-84.2
18000108,0x25d34ec77c1b05d541d2f81f4b225983f5a6f427,0xff13d11b58575ec7c495e27e37fe1efd548344dc,0xC02aaA39b223FE8D0A0e5C4F27eAD9083C756Cc2,0x2d03625fd920da4cd427f28e9c8d0b754e7e13e7,31.57,True,False,True,SAFE,42.03
18000109,0xf07d338a14f2f58c02fdb30fba829f7d6ed3aaeb,0x83c57e40820772b9041e8c49cd1bcf59357787c0,0xC02aaA39b223FE8D0A0e5C4F27eAD9083C756Cc2,0x367991fb1f9bd2b9c4f9a045f083e9ca3b9622e4,0.4,True,True,True,RUG,-80.28
18000110,0xc151af0db09d6cf5bcf3dd1b8f8e4f7bdf3cdb83,0x3881bb837e29b8648957936e84cde926dec0e53e,0xC02aaA39b223FE8D0A0e5C4F27eAD9083C756Cc2,0x4523fce782f25dc480d3e807559a155bb5cc4dae,0.13,True,False,True,RUG,-90.0
18000111,0xc5b8959aff2ea2a7dfd821b5908f5a9eb05b7c35,0xf8ac5c02a8133ac8841d2c9f9ca7e41d270e9d2a,0xC02aaA39b223FE8D0A0e5C4F27eAD9083C756Cc2,0x784be9cd6bfb967cc0ac89bfe8312f6c5262b441,0.63,False,False,True,RUG,-83.61
18000112,0xe9cbc800c43beaa79fba4f86e5321e7c0ff40fa8,0xe2fbdf7a72f1a23880c5fa14cd03bce0a637b4e4,0xC02aaA39b223FE8D0A0e5C4F27eAD9083C756Cc2,0x811d62f7cc5b2bb0e99761444715ae5ac4a3ffd5,4.27,False,True,True,RUG,-90.5
18000113,0x2b44c6a9a07a4a13af86082128d2e9b9e8369045,0x958a82b261320183c2a16adb8e77ee39b7fdc823,0xC02aaA39b223FE8D0A0e5C4F27eAD9083C756Cc2,0x5a97622365b72341d7ed473d21312576e5093571,2.87,False,True,False,RUG,-93.78
18000114,0x7ff5705a782ca5ee64c53183a6d7f33de4d50e86,0x3dd964023c8c8c15ac3f4da4fb7b546625ab5579,0xC02aaA39b223FE8D0A0e5C4F27eAD9083C756Cc2,0xddc5a8f39c4b2f10a17264224a146118d4c843cd,3.74,True,True,False,RUG,-94.04
18000115,0xac160bc6310fe7525ede8ae6abc236ec36e9427b,0xf6fec6914eea963faa95e8498c737f0ec04ff7b8,0xC02aaA39b223FE8D0A0e5C4F27eAD9083C756Cc2,0xda0ea2002f948982091707c8f09362f8ac7ee23a,0.23,False,True,False,RUG,-86.08
18000116,0x6bace46726d4ac3000bdcc48d21a30682009ae5f,0x7ea8845aec7473c6d3e08d7ae3095e3d807ae434,0xC02aaA39b223FE8D0A0e5C4F27eAD9083C756Cc2,0x32ebcd647c36b4cda729aa29be64cf2c597f7e23,2.25,False,False,True,RUG,-87.72
18000117,0xece42443150fddd636d58b33e0bdf14758067d39,0xbcacf7a343b04980b037d0923efde35e01d26910,0xC02aaA39b223FE8D0A0e5C4F27eAD9083C756Cc2,0xde3b7705b628e2f8cc62f4db3dbffdb15a80dee1,37.76,True,False,False,SAFE,-16.87
18000118,0xde2661618440131b9ed50de49d397e991f35724c,0x74b585a172a9cfb42cee6d384b66956b362139f7,0xC02aaA39b223FE8D0A0e5C4F27eAD9083C756Cc2,0xb5749437c87235b04428c495f95a743980cf8ee0,26.66,True,False,False,SAFE,-0.82
18000119,0x80faecf22f256ec4eea0e043f20337aac6fd37a1,0x1435bc66e200405c1e62bdc1659ba0a945083dbf,0xC02aaA39b223FE8D0A0e5C4F27eAD9083C756Cc2,0xe3e69a25ad533f23881cee89e0cc62a99fd9338c,3.96,False,False,False,RUG,-83.83
18000120,0x8f46de51f46ba8141d4346a2c693743886a5f59f,0x7420fc2d455fb63f87884476064fe71e53227702,0xC02aaA39b223FE8D0A0e5C4F27eAD9083C756Cc2,0x6b64a4e91d2121601a4ce569dfa1aeb47a91df49,4.59,True,True,False,RUG,-98.81
18000121,0x5666517df3f68ccc569b1df7acfd5aebce180c44,0x53caaee6569a709170bd9ca878e345890c08af0c,0xC02aaA39b223FE8D0A0e5C4F27eAD9083C756Cc2,0x005cc2651c163a3a6813db06a9aa92045691213a,2.31,True,False,True,RUG,-87.05
18000122,0xde963f85e9035cec7db1b31dadf995f23432141e,0x13f0eaa9ba7b0d5b7562a698b3d3557c003ff9ad,0xC02aaA39b223FE8D0A0e5C4F27eAD9083C756Cc2,0x3ef4eb64d3bc37f89d12a7a4e9de6f186438991f,3.59,False,True,True,RUG,-81.25
18000123,0x96e0eb1b37607f8dfbad56d8048a7eba64b20009,0x25d4a0c019086ccdd12b1c1c493f3264790a93b8,0xC02aaA39b223FE8D0A0e5C4F27eAD9083C756Cc2,0x2aea1acd14e48f901b8bcff0a4d0fcb4e2597fc7,36.15,True,False,False,SAFE,-15.1
18000124,0x6ec5bf450348c4e154e94a5b9bc8171ee0c76b27,0xfa06bd63e4700fcd409cce3967b62b810e3b5e4b,0xC02aaA39b223FE8D0A0e5C4F27eAD9083C756Cc2,0x3b17c3d66f9b67bfbc6f19856bda5a535e26d50f,1.2,True,False,True,RUG,-89.35
18000125,0x56233f928eae65706d3a2bc5b08f9b02c2293494,0x2440fcc5131dd23ecd207eb5e66eaf876e80208c,0xC02aaA39b223FE8D0A0e5C4F27eAD9083C756Cc2,0x79aa8ecd5a190b13d543a9fc7e9d95d10dc6843c,3.42,False,False,False,RUG,-99.09
18000126,0xb3f3b4d9cfa85f439a14bd8887dfaf8f3fa27dde,0xacf5a4fddb836c5361e7ad470fcbd115163746d4,0xC02aaA39b223FE8D0A0e5C4F27eAD9083C756Cc2,0xaa9a617aee31944b718bb6d70e7a7d9d76eceeb2,2.15,False,True,False,RUG,-86.55
18000127,0xd034ea11a9663d6b3e7620cbfb9e05319d759108,0xc952c4a26572b880fd227d17fe4a9e24e3e06458,0xC02aaA39b223FE8D0A0e5C4F27eAD9083C756Cc2,0x889d62ad031ad0acd4c0e17615a6882e9cceee1a,1.25,False,False,False,RUG,-81.35
18000128,0x3f6f9ec1737b445ef67dd163211aa87668c812ec,0xf65c386f8fd1d4c3db498ab4ce4417c59913eabe,0xC02aaA39b223FE8D0A0e5C4F27eAD9083C756Cc2,0x17f108d4e53b4651659211c11f62177dffffce1d,33.33,True,False,False,SAFE,31.72
18000129,0x295f509907ef9a10739d4eac7bc7805f7940ef72,0xe25371a45c8e6ecff3dcd1d438450887c48fbd8c,0xC02aaA39b223FE8D0A0e5C4F27eAD9083C756Cc2,0xf916d2775eee868c37421c07918af7377144160e,1.21,False,True,True,RUG,-92.63
18000130,0x742b1b6bc04c893d4ee359b6d56a7b6bd03a989d,0x85c28a270ff86c7bb69fd4d535858448ef0d2730,0xC02aaA39b223FE8D0A0e5C4F27eAD9083C756Cc2,0xfff406732e4f1e4ea1acdd6d96a8ad185e612512,3.42,False,True,False,RUG,-84.05
18000131,0xa6faf771d393c89a4655f5830fe82d98366a677a,0x296fb44d07cb2fd655643deca456be3cdbd6a719,0xC02aaA39b223FE8D0A0e5C4F27eAD9083C756Cc2,0x8559c6acd66786b2f43f03d98819c5e2e0419e56,1.69,True,False,True,RUG,-96.09
18000132,0xe6f42d7e6d3633e14812a7d9f21cb5b0e367489a,0x22680be8b2e16ce5f1d015428662e640082b711f,0xC02aaA39b223FE8D0A0e5C4F27eAD9083C756Cc2,0x4bee2bd586a2dbeaaf9349f53ee4ceb3ed8a6547,0.14,False,True,True,RUG,-80.18
18000133,0xb0b735fb365f9200c78df3a8541e32e8cb6f7cf6,0x26f65eb409f844429da728cde15912f2f4d4cb61,0xC02aaA39b223FE8D0A0e5C4F27eAD9083C756Cc2,0x5a9c2834cd9dbe11eb41b5803b1409ca94a3eea8,2.78,False,False,False,RUG,-89.11
18000134,0x8cef6eefa1a38c8ec4ba93bdcfdd8f2a03785b18,0x7691ee5cc219f33513c60d155d84cc7f0c94bb66,0xC02aaA39b223FE8D0A0e5C4F27eAD9083C756Cc2,0x2593396cf14bbd999bf9d09a03028634d089f29c,2.1,False,True,False,RUG,-82.8
18000135,0x3df603741e6f7d86e93e784fd26e23f4692377fc,0xbb8f6cb89759aa70e064326d52710beaadddcb60,0xC02aaA39b223FE8D0A0e5C4F27eAD9083C756Cc2,0x7314283e283967623c977764e7f7f686bb844641,0.2,False,True,True,RUG,-92.05
18000136,0x1957f098ffbf6cb454e306df078c758e1a80d778,0x62e68525a1e5a22b8a4a5c5fea083fd2591daf11,0xC02aaA39b223FE8D0A0e5C4F27eAD9083C756Cc2,0x420b4f17d913ea32b94eb3dbed7ce60b1923ddc0,1.66,True,True,True,RUG,-95.5
18000137,0xf2cb23a35650f9f3f154f29765295261c2770da5,0xc59a2852f971b23e5d1940a2e26518a052876286,0xC02aaA39b223FE8D0A0e5C4F27eAD9083C756Cc2,0xa420296a079abb29f7d2dd717120b88eba82e616,87.5,True,False,True,SAFE,-5.61
18000138,0x15dc533d2e45b05aee68db4393078c41704ca995,0xc219f9454d0ff6fd0d86a559be508274b2d45ebf,0xC02aaA39b223FE8D0A0e5C4F27eAD9083C756Cc2,0x65bcac9d30be6797e881ebb185e94c9fb76f4049,3.93,False,False,False,RUG,-99.85
18000139,0x3e7be63ec0762813c2b900c341e0bd7480558109,0x8f573b84a333434250debd5d79bcf770c5ff8691,0xC02aaA39b223FE8D0A0e5C4F27eAD9083C756Cc2,0x7cee1c50e69bc82d83b18ee50a224adb7007512a,3.66,True,True,False,RUG,-85.48
18000140,0x83b65f5466f7cce90c3968819b470d9ee6036f0c,0x3171b499f13eefa6c1ffc5c2ffea8e32d6f5e2b0,0xC02aaA39b223FE8D0A0e5C4F27eAD9083C756Cc2,0xf070593a3dc300a063e723bca1bcdb943282e8c0,3.67,True,True,False,RUG,-87.85
18000141,0x4c680f137085a55fa0b0ff1f195265ffe95905f8,0xfe29873536fefe5740c8513e75c9ad4a85e51702,0xC02aaA39b223FE8D0A0e5C4F27eAD9083C756Cc2,0x513fe3d820195ccca27db44abe31d47570d428c6,1.24,False,False,True,RUG,-85.6
18000142,0x8270ae688faa0ec7312f50c5b8b9f155e0db030b,0x69e4d6058ac0934065e4d67dac983c6c1955cdc8,0xC02aaA39b223FE8D0A0e5C4F27eAD9083C756Cc2,0x7d1945da8fee9f3b78ebe23fdb4d073bc35ce7c7,77.29,True,False,False,SAFE,44.43
18000143,0x61b0a1309c08c7a8fad01d98359a2b4ee37bc343,0x477d41b803e7e0c9d6189e69d7575f3dae824522,0xC02aaA39b223FE8D0A0e5C4F27eAD9083C756Cc2,0x23af271fc3763f33193b0b43e5dddab207a158b4,69.22,True,False,False,SAFE,27.1
18000144,0x9eecd8f8fb8ccb95cbf5ad7bc9641652190226b3,0x78e42a6529f25da143ff5abb953e9b15a58f9f9b,0xC02aaA39b223FE8D0A0e5C4F27eAD9083C756Cc2,0xebe49bfac70720293d1e28da3df22c126cc92dd2,43.87,True,True,False,SAFE,41.45
18000145,0xfcbb17ea697c17ace18ef8721518b97ab31103d2,0x2382d9767999c959c2ccce5c3b1f999c822ff192,0xC02aaA39b223FE8D0A0e5C4F27eAD9083C756Cc2,0x4cc6c7350bc0f679dd1a0a3d79fa551fc961187a,4.92,False,True,False,RUG,-97.19
18000146,0xe7bbab31bcb32ad05d3433c6afde8b6304ec96ae,0xb3c4518af94469e9dd9ed77c654c20721567d0d5,0xC02aaA39b223FE8D0A0e5C4F27eAD9083C756Cc2,0x08a699362a333ade42645efcd069f03f9f75b413,1.86,True,False,True,RUG,-87.21
18000147,0x8dcd0a8884e94d8e911913105465efb07091f616,0xc1516524a3e2176981430ee93134aeb89568555c,0xC02aaA39b223FE8D0A0e5C4F27eAD9083C756Cc2,0x930ad9304fa96d8fd7def52a6763983731cee627,3.6,True,True,True,RUG,-90.89
18000148,0xe497e735444967b79573c85a213b7af91101250d,0x7c9d261615cd90adeac8d68e47bfa162864193fb,0xC02aaA39b223FE8D0A0e5C4F27eAD9083C756Cc2,0x887b043cf81f51110bdace794f22d2c8ab23b5b8,3.42,False,True,True,RUG,-88.9
18000149,0xf63403ed60a6e9b340d1def0e9c1a8c0f6ba3d57,0xdf03688bf02d84370d701ab5d017621104ece1ca,0xC02aaA39b223FE8D0A0e5C4F27eAD9083C756Cc2,0x9617ee391556a9f9808ac4fc178c1490de9d128f,3.45,False,True,False,RUG,-81.9
18000150,0xbb4fc871090b2c520b27da66caf6e91c7d5c7906,0x740765ee6c138c521de591a0bbb2764344a01cb8,0xC02aaA39b223FE8D0A0e5C4F27eAD9083C756Cc2,0x7c2f822f7bd87d1bb9db56aeed1b3b6fff212e5b,2.99,True,False,False,RUG,-94.86
18000151,0xd4318fe724d2e1bc767e7f65b0a71b5a554ab108,0x04511c53c91c006d0f5b6f068cda78292c4dd8af,0xC02aaA39b223FE8D0A0e5C4F27eAD9083C756Cc2,0x3024fc5e56fef1eda165e8b4c8e0151851dc6064,3.61,False,True,False,RUG,-97.56
18000152,0xa569289dd65098e3eaebedded701e61eaa6efca2,0x677c589890dbfa3824ffef27f431286398eeed43,0xC02aaA39b223FE8D0A0e5C4F27eAD9083C756Cc2,0xbffa15baa08a93cbdd0b5c7f51f679f9d32e8937,0.69,True,False,True,RUG,-88.69
18000153,0x3b46b2284ed44ce2a682feb306303a4755fdc496,0x76233c72479dbacb6b0c550b3d330c7ef2c62dca,0xC02aaA39b223FE8D0A0e5C4F27eAD9083C756Cc2,0xd61540123a20bfb509b24e8283793fa2cee13796,2.9,True,True,True,RUG,-90.48
18000154,0x6434acef05a491c404c3b78c1b048eb94c17920c,0x3d5f120f8ab32e21aac19ba8662913c1231ad80e,0xC02aaA39b223FE8D0A0e5C4F27eAD9083C756Cc2,0xfbce17aab4df5a5da4eb16db32c99239cd8f73d7,3.19,False,True,False,RUG,-89.52
18000155,0x1623d882228bead660f437d972cd70d353a9ce1e,0x17ed30574f7e142b28894f2b98c102ec7d6020c3,0xC02aaA39b223FE8D0A0e5C4F27eAD9083C756Cc2,0x5f04b27df6f017e934c9d492937cdbf2ae2e3fc1,0.89,False,True,False,RUG,-81.18
18000156,0xf19b18c32b808d65ff11669b0193d122a3dceec9,0xf3cf3f1b3ceb466954d9dd99290469662d4e9ba2,0xC02aaA39b223FE8D0A0e5C4F27eAD9083C756Cc2,0xd92cdc548c29299c660b381859d2645ded18d839,0.3,False,True,True,RUG,-82.79
18000157,0xa910abf5ecbeac2795db76c5bab79a582f3ee38d,0x14c6f07b3440cdb56161345daca36291610d72c0,0xC02aaA39b223FE8D0A0e5C4F27eAD9083C756Cc2,0x047eca7a1971452058db0dd24e7a399dbb6ce6f8,14.68,True,False,False,SAFE,20.75
18000158,0x2658e9321aa3def7c6aaa4c573ecd2c638222781,0xb6a7aac1785e883ab35710126e4e636578347e39,0xC02aaA39b223FE8D0A0e5C4F27eAD9083C756Cc2,0xa1a1d17a4738390d5a95143312a81d31940c206d,98.55,True,False,False,SAFE,14.75
18000159,0x4c4332b2e3a6225dfcbc30696e9aeb029b64559b,0x6444d2dd2454fa8f2bad35a6e66c5e0afd773416,0xC02aaA39b223FE8D0A0e5C4F27eAD9083C756Cc2,0x778a792eca8b8573039ca29a7baea9bfa9a7e46a,1.97,False,True,False,RUG,-94.45
18000160,0xdc8d205d2bcc9272df76f6915fdae9cba333c90e,0x2f7cc2742b68b29ba7129966b6e39d51159f82f6,0xC02aaA39b223FE8D0A0e5C4F27eAD9083C756Cc2,0x968f0c83364110731aab8df73d27817bb4d4c2bb,51.54,True,True,False,SAFE,-11.43
18000161,0x9858f6a2fda81658bcad1109649a1e88b1416385,0x2b71dd150377c40945de1d5e1178a75cd0fea826,0xC02aaA39b223FE8D0A0e5C4F27eAD9083C756Cc2,0x78312453f6dd562331b4878a12d266d3a652b57c,1.47,False,True,True,RUG,-91.46
18000162,0xcd2acaf3b03d9661f9e01eb4fbf602b887baa913,0x2ea266cc124bfe3d53e05af60383b2a6498f24a9,0xC02aaA39b223FE8D0A0e5C4F27eAD9083C756Cc2,0xc81854bcca6f26b5d6df8a98d0e7595ab7298ba0,50.72,True,False,False,SAFE,14.17
18000163,0x16f90f4163ea5eb579ef79232bc808a0a6b94e19,0x9a210b9680342314965cb3e4c1d413d6b9459830,0xC02aaA39b223FE8D0A0e5C4F27eAD9083C756Cc2,0xcbf31f36cda56abc7e9bb8de37ec9a2f6f43edea,9.56,True,False,False,SAFE,28.82
18000164,0x9a2cc973b5e1cc5063d16fd75feb9eb0f26fdd39,0xbc0a3144a95a6abd27f6c1c837a753900592f94e,0xC02aaA39b223FE8D0A0e5C4F27eAD9083C756Cc2,0x8b3004bc718fde7b19e80d9eea0c4683ed0de7cf,36.88,True,False,False,SAFE,-15.04
18000165,0x670bfb039279bae5eab6a968e43940c41c5f0e67,0x5ed0d252c228aedd604eb3f8a52d3c117df20bd1,0xC02aaA39b223FE8D0A0e5C4F27eAD9083C756Cc2,0x49f5fe2acbc8a20a17f14f49512dd0e633bbdc3e,4.68,False,False,True,RUG,-92.73
18000166,0xfac51aa8b3f783ac8dd8eee8a9779995e5a4857d,0xb9e64e3a899811a103da5325f1548bcdf8d22725,0xC02aaA39b223FE8D0A0e5C4F27eAD9083C756Cc2,0xa1a68a3f2a9869444dd16e92da2ea931936ec64e,2.79,True,False,False,RUG,-92.04
18000167,0x48f5677bc9956c099bba6d63b81d1e541a1a2c6f,0xc05372f2205615ddf7da3f66558f02982eab048e,0xC02aaA39b223FE8D0A0e5C4F27eAD9083C756Cc2,0x644077a2074e5193a13ffe8de6b739c9ed3fc6d3,0.94,True,False,False,RUG,-90.33
18000168,0xadf217a6aea1186c4ce60b2b519fd99e513881b4,0x7973e9f0f10ef6bcc4e6af69dea019880ae9eadc,0xC02aaA39b223FE8D0A0e5C4F27eAD9083C756Cc2,0xbe661bc2b32d9ecaf4560836d11a7a363645544a,3.16,False,False,True,RUG,-90.99
18000169,0x67448b575b4897686290a8a74c1dfc31fe4c454e,0x8363374cd780cdf3688d67c8bdc2253ae8e58322,0xC02aaA39b223FE8D0A0e5C4F27eAD9083C756Cc2,0xe22f6a886cc13c7dc04b58a7d20bc84c6f432374,2.99,False,False,True,RUG,-80.62
18000170,0xa8a1fe0cc21b677959a569d6fe242905aae5c1bd,0x68aa2f76c996befac133bc3873755af007d2cedd,0xC02aaA39b223FE8D0A0e5C4F27eAD9083C756Cc2,0x95f3b0072ec747ef66c7f83a4f6c3bb76b58ff54,0.51,False,True,True,RUG,-97.96
18000171,0x4bc9cc85b074d7f5c93e7b3af6047b2383ed9454,0x564e5d23b01cbe028b6b79995baad32f84cd93d9,0xC02aaA39b223FE8D0A0e5C4F27eAD9083C756Cc2,0xd671598ba2732707552cf6eedd3d0f0e2e140cea,3.26,False,True,True,RUG,-87.99
18000172,0x8c1aaee999a2a88fc5efde32fa2409d1c7b28084,0x8e05a33c8ac2cf680415d55ef54a57f877a96ba3,0xC02aaA39b223FE8D0A0e5C4F27eAD9083C756Cc2,0x35dd61987cff13772cb899cde3e6a75ae1b8ad69,0.56,False,True,True,RUG,-94.24
18000173,0x4a55ec24673c244dc167546911b481a031f05cdc,0x71b5624858fbe037081ef52ad064d883d2c38de3,0xC02aaA39b223FE8D0A0e5C4F27eAD9083C756Cc2,0x8e3bb952c074fe859ed1eda2c821d5f9c6724f4d,3.71,False,False,True,RUG,-83.86
18000174,0xed56be7fd584d7368e891a8c5860b89b86c0dc82,0xbde85342430d57086a53b04c333027d386055f33,0xC02aaA39b223FE8D0A0e5C4F27eAD9083C756Cc2,0x3c4cf876e935d6dfc3430bd8341fba69f7a3f4b2,2.95,True,True,True,RUG,-97.23
18000175,0x6b377aabb16c7682924f1c11a2b52b959388bd18,0x7462be65c09a154e145a98e722271991b891066c,0xC02aaA39b223FE8D0A0e5C4F27eAD9083C756Cc2,0xd658f97875cc85366020fe6a58d1d0afee434acd,68.6,True,False,False,SAFE,-3.07
18000176,0x4f3b7aa3851d4c8190b8dc0561d425de90856f12,0x47ecea0187e3dd6abe3d39d499be4532c1f5d47e,0xC02aaA39b223FE8D0A0e5C4F27eAD9083C756Cc2,0xdcfe393a6ac00b7421bd51b46cb61b6c377f003a,2.34,False,True,False,RUG,-80.41
18000177,0x1f094c48e15d0cfc930cb0189e003f66969f0e91,0xbbb73a3a1aff970c33e78bd7d4d595975f3f2deb,0xC02aaA39b223FE8D0A0e5C4F27eAD9083C756Cc2,0xc29338bd50667087845663693b999a9cbc64207f,1.69,False,False,True,RUG,-98.09
18000178,0x3a1e723e3822e0dac2461f3a8fe77a5f5bfa40df,0x40d8d7d3e38b633b8bbe7f66ed7ffac349ad8fe7,0xC02aaA39b223FE8D0A0e5C4F27eAD9083C756Cc2,0x256a24c73599927ad942054d9d3ae1939fc60bce,4.59,False,True,True,RUG,-86.36
18000179,0x113612e8a5472aef51764c93127a9f4ebe853366,0x7d10807863c4a08e288937c8327a8a2f9b92767a,0xC02aaA39b223FE8D0A0e5C4F27eAD9083C756Cc2,0x01d01e57d2e8c2c2f5ec2932a06c372f6f6f4320,1.01,True,False,False,RUG,-84.98
18000180,0xfe23b1e3320998b9c600e51b4d312542b1eac310,0x01802f93a6ece2df1336e780e776456762e86f6c,0xC02aaA39b223FE8D0A0e5C4F27eAD9083C756Cc2,0x5af64b8e0a3bb46080c08b22589d889fde904968,3.83,False,True,False,RUG,-96.08
18000181,0xcd3432c9fd45b24bf038cc88d7705dfad7c11d17,0xd1f16fd4dd5194d98c265d9f4da4629c9047bf68,0xC02aaA39b223FE8D0A0e5C4F27eAD9083C756Cc2,0x75bb4ffd68d88263e9365ead57b2fb7c3ba849c0,0.47,False,False,False,RUG,-93.46
18000182,0x0bf3ba5802c594d890c0b8809441d9603435d3e3,0x29d454a42af310541b0019851fed8a05eed3ca19,0xC02aaA39b223FE8D0A0e5C4F27eAD9083C756Cc2,0xdfb5d37d5628b4229c02c412bc4f92e76dc71ced,1.02,True,False,True,RUG,-89.88
18000183,0xaea5a5aa3f727bbbf76c7c5fac621edb299516be,0xaeae32e173b09d5dfc06faad8b64046f69cfd02f,0xC02aaA39b223FE8D0A0e5C4F27eAD9083C756Cc2,0xaa3b99cb33d0d87abb5cf8b88a933982476c9910,3.42,False,False,True,RUG,-96.71
18000184,0xb53c15e52d39337e760bb2fdf80bea8d062b0d1e,0x5ea92d36fb7987a62ea2164e563d6b2054695546,0xC02aaA39b223FE8D0A0e5C4F27eAD9083C756Cc2,0xe4d97426698e6bacaf9c1d3e740cc4a1e8f88e09,2.22,False,False,False,RUG,-85.98
18000185,0x6b0a78131c3cb65e3fc0983e0e9e30d2bd0de8c4,0xf4e74cf0a6bf871c2147695e339279e0b6558bef,0xC02aaA39b223FE8D0A0e5C4F27eAD9083C756Cc2,0x99d4acbfd7f713912df63d58a1c386afa347ac96,4.21,True,True,True,RUG,-96.65
18000186,0x0d622c51b2257b6596e617760c131da0f939938e,0xfe27022aea274be4d8b543c61b7832fa957e67cb,0xC02aaA39b223FE8D0A0e5C4F27eAD9083C756Cc2,0xcf4f845935035a23328c0ace78e5ad983b550b24,1.33,False,True,True,RUG,-90.71
18000187,0x0c805d5272d523eeb5bd3ca36b8802c047857c84,0xa04da34a348574e3d2c526de147d7d7b9bc2595d,0xC02aaA39b223FE8D0A0e5C4F27eAD9083C756Cc2,0x60ef04caa3067c3a419118540aac4c1b12c3f42f,3.54,True,True,True,RUG,-85.36
18000188,0x7f0e9f81f71b37b6c92aee13a56d740870dd891b,0x1cd36a1a0fd27beebaa5fde2e155406620ed64cb,0xC02aaA39b223FE8D0A0e5C4F27eAD9083C756Cc2,0x7cbb66ef7751a607ec52460e79bf69a4ec481d79,3.22,True,True,False,RUG,-95.16
18000189,0x8231d846939477c53326496d0f8d7803b02e0dae,0xc959a0050b7ea78ee58ec8aac359bf6b8080bbbe,0xC02aaA39b223FE8D0A0e5C4F27eAD9083C756Cc2,0x55266db30b10b23123d5182cdba0bf62d6cb4ae3,9.91,True,False,False,SAFE,21.71
18000190,0x77013c1dfd29c5c5e07aba2eb7eb793384758add,0xe5a9f359e431c78739f74c03d8f1f891e0e643a6,0xC02aaA39b223FE8D0A0e5C4F27eAD9083C756Cc2,0xfaf35744f35d4bef60a5b2f31663e4add919de1f,4.45,True,True,False,RUG,-86.84
18000191,0x14b6bc2c7e1dcce713cf4019f5d469fc75a847c9,0x817390f8c4f7b09e5685ffc1f9668fb09146fc23,0xC02aaA39b223FE8D0A0e5C4F27eAD9083C756Cc2,0x04ff80977048015e29491ebd0996112ae280bd9d,4.21,False,True,True,RUG,-81.6
18000192,0x58adbeaf755168be1fd25e7d29a99187b1bf8e8a,0x48e5bccfb4673258af1176779dde63ce33e05fe9,0xC02aaA39b223FE8D0A0e5C4F27eAD9083C756Cc2,0x6bc448c6b92b114befd5f2265852c5f325dff949,3.46,False,False,True,RUG,-90.19
18000193,0x4d39a7a6069603ff5d5429cdb77d63319d49dcd5,0x94f602bbc0455c166206d084f919183fe2eb2761,0xC02aaA39b223FE8D0A0e5C4F27eAD9083C756Cc2,0x12808ececf4c57896843801b37b4b7eaedecd91e,2.6,False,False,True,RUG,-87.34
18000194,0xb669e7aaca1e99d65fba1eef9f19654f228ece99,0xaab0b2c248bbc76b49367685f5b1660f5c98b495,0xC02aaA39b223FE8D0A0e5C4F27eAD9083C756Cc2,0x4e19a57a59b92f56c15e1fca10ee5b0632e168b3,1.24,True,True,False,RUG,-93.79
18000195,0x617fae1c5bc8cbbba72f859defdd3dc39e1d99a0,0x08d4c8345d0d5ce77760a51f7ce852b0ef0d9db8,0xC02aaA39b223FE8D0A0e5C4F27eAD9083C756Cc2,0x2b078c8b1fca29518c5a72647afba533cd499a65,61.34,True,True,False,SAFE,16.9
18000196,0x9488d4604ca691e53a5785d746bd468b02cf2f12,0x9869f91eb6b5f4203282402fbb5394cf58692299,0xC02aaA39b223FE8D0A0e5C4F27eAD9083C756Cc2,0xb9a53553859b5ebd44be07bd90dde7dc80df41e7,51.36,True,False,False,SAFE,43.19
18000197,0x04ac8ec4ca97ce80fac1284f49499044805f98d2,0x265cf3e8ef46c25081000d1690e1ff382444b8a7,0xC02aaA39b223FE8D0A0e5C4F27eAD9083C756Cc2,0xa0757ea9e4be3d3df02041b279ac1ae64f445bd1,4.29,True,True,True,RUG,-89.08
18000198,0x319e6dfe0ba0832b5a3a7ae08bcb27e88e52b68b,0x1d0beec577eed15036071d15f2f638bc1625e631,0xC02aaA39b223FE8D0A0e5C4F27eAD9083C756Cc2,0x53013e6569c9f9857f8b63547ae7c76d9ce33470,4.71,True,True,False,RUG,-97.98
18000199,0x8fd464390b4fcafb219092a345d62e7160898f18,0x78ca11bff584296e402d92032ab662196b05318f,0xC02aaA39b223FE8D0A0e5C4F27eAD9083C756Cc2,0x4293b0ebc1a538d47b802c07b65216d2e748a7f1,2.38,False,False,False,RUG,-85.54
18000200,0x9098d02cc245c3af61f9be4b578b12271a181b27,0x8e09c9459b29db89fa9254774120f5a3046f43f3,0xC02aaA39b223FE8D0A0e5C4F27eAD9083C756Cc2,0x1482506f64eff1e1562c6e32de3006079cc00569,4.54,True,True,True,RUG,-83.49
18000201,0x5044d1cada3519d14c3a14de7cb6e40a04ad66b6,0xc3da59e249c594e4a9d9393cd5f9fefceda8dbb3,0xC02aaA39b223FE8D0A0e5C4F27eAD9083C756Cc2,0xfaba165e901dde44e204982dae524aff6953d6dc,3.94,True,False,True,RUG,-94.5
18000202,0xfbc9635ee3051751bf3e818e63fc7a9342d8fe12,0xe414627ccbe61a32b162467bf07c45969283ef42,0xC02aaA39b223FE8D0A0e5C4F27eAD9083C756Cc2,0xf6655cac7ef8e0a3accf663d46fe56a6c29b45e0,2.45,False,True,False,RUG,-81.88
18000203,0xb552b4c409b792598986bbeac328de871d666aff,0x34e26953b5e17e2f08898605d0fd02c202cb4318,0xC02aaA39b223FE8D0A0e5C4F27eAD9083C756Cc2,0xcf237a4a68c9332b5535a182ab84af9cdb6b8cd7,4.1,False,True,False,RUG,-89.15
18000204,0x82a7557709273475835de4516af434b752e32e9d,0x2b23673fa7ddd94cb8b245179ece21523105d931,0xC02aaA39b223FE8D0A0e5C4F27eAD9083C756Cc2,0xd169ff3bd07aa10b446248e286021ee2ecfab229,45.14,True,False,False,SAFE,-9.68
18000205,0x5005544e43dd608d4640ac261565c1ccea1d9f81,0x9fc2bae2e45ff2c705181de9d997b3a1fb600d2d,0xC02aaA39b223FE8D0A0e5C4F27eAD9083C756Cc2,0x3e01a6b7d17ecb55a931b17bbb83f83c465126ca,9.16,True,False,False,SAFE,38.99
18000206,0x5c8add1810ce6cf27b34b126d6edd16433aba64d,0xcad8bf6132c3ff16e67f15507e5462fafd866f0b,0xC02aaA39b223FE8D0A0e5C4F27eAD9083C756Cc2,0x8f3885ae8e946db0c76992eb36f8767843a0ef2c,55.61,True,False,False,SAFE,-13.96
18000207,0xf4aeac12df2654dc7fbd2d16f5b3233e31103e41,0x5a90f439b9ff0a2e283f7e2bfa51e8c54705b643,0xC02aaA39b223FE8D0A0e5C4F27eAD9083C756Cc2,0x60d5e89064795626a44b1af664f7d637f0929106,1.86,False,True,False,RUG,-83.74
18000208,0xe8a89a4325b2100949caaf44d3e56ee9ffb21d1d,0x0d8d3113570285aef5a533595475e85ad035604e,0xC02aaA39b223FE8D0A0e5C4F27eAD9083C756Cc2,0xc1f651404b4204d873c232475bf440f61f02895d,2.14,False,False,False,RUG,-90.51
18000209,0x867730eb77315fd2aab1a1484fb8359a1525e3db,0x6bd097c6ac5a03c1a4b0df4fad22afc7180928f4,0xC02aaA39b223FE8D0A0e5C4F27eAD9083C756Cc2,0x929a7e92bfb7a5637d499c04aff585ce9686715c,3.51,True,False,True,RUG,-88.08
18000210,0x8a0b91014c2ca8440a6d52d6d4debc78234f79c9,0x324ad0aba7078bc514662cd3a0b32d5bef95c4fb,0xC02aaA39b223FE8D0A0e5C4F27eAD9083C756Cc2,0x99e46ab477bafb2cc3cb308d4325146ce024cebf,1.19,False,False,True,RUG,-99.2
18000211,0xab09ecdf4a4815369f5b0fb54d58b33b122065a5,0xbacb468fde5f4e1c9d4ffd85b885ad90655a01ca,0xC02aaA39b223FE8D0A0e5C4F27eAD9083C756Cc2,0x07001d4baf100e7194efe762e25037aa13294188,51.17,True,False,True,SAFE,-8.94
18000212,0x8389a71ca3154931ab48867e4dcec7af2c24c3d2,0x96560192457de49a9826475e92a925a30465e34c,0xC02aaA39b223FE8D0A0e5C4F27eAD9083C756Cc2,0xe7bede042bfc76cd4a1151ce11e437e68288285c,3.62,True,False,True,RUG,-86.73
18000213,0x91c8eae2d10bd599795b3ba781b9f1e766c6d9a5,0x1a0e001c5e20471b3922a894d8171148c62f833f,0xC02aaA39b223FE8D0A0e5C4F27eAD9083C756Cc2,0x9b93e50d322b4fb0c06790c6e3d7d8d55dcc1505,3.56,False,False,False,RUG,-99.23
18000214,0x5b412a161569b538052c26768f3b07388b20e3fb,0x47f11e7d1bbaf61a452fc35c5b532d7261deb7a4,0xC02aaA39b223FE8D0A0e5C4F27eAD9083C756Cc2,0x2ad0c63a14d2202d1c37b0b463c04fe04ecb622a,31.3,True,False,False,SAFE,-16.68
18000215,0x5896b2058b79040a7e8bcc06d3bd1bed7d3a19bf,0xdd6c4cd935cbef10d4357df9771a9b971b5cbc71,0xC02aaA39b223FE8D0A0e5C4F27eAD9083C756Cc2,0x39dfb92363dfc33fab8fb01dd960ad6edeb8d5dc,0.81,True,True,True,RUG,-94.54
18000216,0x8ab74148ee12fcb3bc7f4fde06fbb9b39f91377f,0x87b7cd9c945a45e30630829d152e0bf453fdae99,0xC02aaA39b223FE8D0A0e5C4F27eAD9083C756Cc2,0x00038fdab5fa4d4eca67a39a0407674ec6c4c3bb,4.25,True,True,True,RUG,-95.31
18000217,0xfe58136c13eb8a933714420a4e7a476684898d3d,0x8f9ca21d9094edf4f7ef1e3fab99293aed03f91e,0xC02aaA39b223FE8D0A0e5C4F27eAD9083C756Cc2,0xcdcea60ffe17f6e3f9e6579528dcc03ab914d0f8,55.12,True,False,False,SAFE,42.57
18000218,0xe5740ad7f76711a263c66aa18c66d96e724561a5,0xd03b2737a719acc23507d86aa053f63dbfe6ae90,0xC02aaA39b223FE8D0A0e5C4F27eAD9083C756Cc2,0x2e50a68ff478f9a7383aa67df9d6db97800b10d2,12.41,True,False,False,SAFE,33.09
18000219,0xbe658686685debd7f970e202358ebbb95ef7d84c,0x691890011ec29831ee0e06e62fc6456a896ec28d,0xC02aaA39b223FE8D0A0e5C4F27eAD9083C756Cc2,0xa27fab372cf4a98a6cd3f87a7a81b2eea2a000c5,4.48,False,False,True,RUG,-88.87
18000220,0x0ceca12d881f717756d71c636367304c33bb0ad8,0x5eba90dfce36b9eaea7307e40fbf3f8f34793fd5,0xC02aaA39b223FE8D0A0e5C4F27eAD9083C756Cc2,0x3fa780d5f80f0159dd6aff97a6b1a742de5f3f7b,1.81,False,True,True,RUG,-81.99
18000221,0x33105a8ee1525001f8087e64d18c67068e76f655,0x5836e00785cdf453d04c0c609f186a9b26a7247e,0xC02aaA39b223FE8D0A0e5C4F27eAD9083C756Cc2,0xfb882865e11b86f98539a619a6e9e730575971e9,80.94,True,True,False,SAFE,47.16
18000222,0x688019c88ea177a287383dc100a767ae97498298,0x766a9fee1820d28634f80f73d6a18c9b5bb10cfb,0xC02aaA39b223FE8D0A0e5C4F27eAD9083C756Cc2,0x9c91c13f1d86567eb83093dba22ba0a330678fb5,4.03,False,True,True,RUG,-83.57
18000223,0x6425f0c79f42898bb06fe7498db63dd0cb7b9455,0x09c307105b7015c726c2ec8a6d112f8afd0edaeb,0xC02aaA39b223FE8D0A0e5C4F27eAD9083C756Cc2,0xb26bc2114818d5330aa818a6fdc696a014eda603,1.04,True,True,True,RUG,-91.17
18000224,0x0cfc74ef0b36fa1ab54ac9b60bb88f90ff970042,0xd85b11fb45e87d33ed3a1be7e62eee27443a67ec,0xC02aaA39b223FE8D0A0e5C4F27eAD9083C756Cc2,0x63d871bc509735dad6d7ff2689360c0bb865d146,39.79,True,False,True,SAFE,15.29
18000225,0x3e214120bf266bdeae7cbf1539c69215a280988f,0x593821751bdbe3742368ef17fefe27a8eeaae804,0xC02aaA39b223FE8D0A0e5C4F27eAD9083C756Cc2,0xe6f39899a72dd56b7e4716ee951f538ee5d22ac7,2.94,False,True,True,RUG,-94.38
18000226,0x84df370c8f7014c809af958c2b8e3108c5a45fcc,0x2effe78d9f0eface2b1bb3c2a869f34b98331b1b,0xC02aaA39b223FE8D0A0e5C4F27eAD9083C756Cc2,0xd5f59901004de384b94973ee2e3642f3044fcd23,3.49,False,True,True,RUG,-88.64
18000227,0x00ddfc7f00b3ff8f377371e5dca6c6872ed05fd8,0x5c24f4283f42961f93e62eaa62819e168a3b070d,0xC02aaA39b223FE8D0A0e5C4F27eAD9083C756Cc2,0x4b36ba5aba2457d5dcbc1228360054b59ce58b2f,3.61,False,False,False,RUG,-92.09
18000228,0xc8b9838f491d1218b43c7367e4e2c57cda5448ad,0xfd15a7c69fe17f7564433d715d3ef45676787869,0xC02aaA39b223FE8D0A0e5C4F27eAD9083C756Cc2,0xe8e9869483e8f796260fba1cd6a7d1b339eeb381,0.53,False,False,False,RUG,-84.08
18000229,0x6ab731c8e6f83e5a58da61cf4ed5a20bfc572c16,0x270c4c086936e9304049a26e44ec8444f3870bf2,0xC02aaA39b223FE8D0A0e5C4F27eAD9083C756Cc2,0xf57f7113065b8443e23ade21dfc091a665a3efbc,3.22,False,True,True,RUG,-80.6
18000230,0x977de27f6eb6e2327180f98100997f66d273d30b,0x373e1155e2ab3d785fd9fde5b7d8666009158381,0xC02aaA39b223FE8D0A0e5C4F27eAD9083C756Cc2,0x392f14ae93d13023114a14df2cab78083e2416a6,3.74,False,False,True,RUG,-84.2
18000231,0x46c6f73f86cfc6dea57f0dac3d564982dfdacde8,0x18df419da1d4f634589c716500fc98537312c5ff,0xC02aaA39b223FE8D0A0e5C4F27eAD9083C756Cc2,0xe95d957b0a7878887a2ec7f3cf9e8ad3f778ab52,78.14,True,False,False,SAFE,43.43
18000232,0xf95a9eb450099b38407679f5a548e7916c59ca76,0x915d583572a96c0ad58d7ffe8391b46e178c9dc1,0xC02aaA39b223FE8D0A0e5C4F27eAD9083C756Cc2,0xb0deb3ddf5cf9a3858b774d82972e7114ff7709d,86.87,True,False,False,SAFE,30.01
18000233,0xfb718180480d69bed97ea541395b2e62cfeffcd5,0xca37a960e378933ca070f0b3c135a56f5479a1aa,0xC02aaA39b223FE8D0A0e5C4F27eAD9083C756Cc2,0xe687d39cadfcb12dc9e84c046f5c1c5705cad17c,2.76,True,True,False,RUG,-94.28
18000234,0x67cde6b565495bb64623937bd9543f95acfbd06e,0x249e423ec18bf55f8fef6eb5b53cefcfd628ede0,0xC02aaA39b223FE8D0A0e5C4F27eAD9083C756Cc2,0xd90a7e0c2f271646e7aae6efa17709a38d4082e4,4.24,True,False,True,RUG,-82.12
18000235,0x502f2ac435b9f03a1c4eb5e07264e57e1dd56805,0xddb34909991f8d1972d3faee77be92fec31cd812,0xC02aaA39b223FE8D0A0e5C4F27eAD9083C756Cc2,0xbd8111d8cd79b89e40c340ee18aaffbc7e1c62ad,3.4,True,True,True,RUG,-97.11
18000236,0x69aa07aca44a99fbd4b2bcbe916f1675db693e05,0x95031c73b691acd8e18de642f50eb052d3fead3f,0xC02aaA39b223FE8D0A0e5C4F27eAD9083C756Cc2,0x8b2e5d8ea266fc5c534585a5fc02bc60268ae8a1,0.26,False,False,True,RUG,-91.89
18000237,0x8b03183f6f7b90c149b3e677f54fc0750278f9e1,0xa7cc715c489bde4ced998dae28a0be7f281b87ec,0xC02aaA39b223FE8D0A0e5C4F27eAD9083C756Cc2,0xab7f269fdabb60749bf56818adcb08b967041fda,4.26,False,False,False,RUG,-82.37
18000238,0x1e7586ed73761037a51c835c757d80af4bc11c26,0x35e0e78f85d1b2302f54b471804c3c598f92d152,0xC02aaA39b223FE8D0A0e5C4F27eAD9083C756Cc2,0xda95ec0e423874e0e3b45b2175159f5bef4a53b8,4.93,False,True,True,RUG,-95.59
18000239,0x27c61bb75fea75bfe9b5c5bad5bb3da36cfd0e8e,0x5345acd4d73c3d7f7c0436955ab830d2d437478f,0xC02aaA39b223FE8D0A0e5C4F27eAD9083C756Cc2,0x2b049f6d43ebcd4332f03a99c0b83de2c82a9d4d,0.48,False,False,False,RUG,-95.52
18000240,0xb3e3763dbe60184c609b5bd61b557264b989d9b2,0xa549533b0f7879b0c3f75256ee834ebf00b7c5e8,0xC02aaA39b223FE8D0A0e5C4F27eAD9083C756Cc2,0x1db36ed7a6d5aaf4eb1e427dffd17145e34ad565,4.82,False,True,True,RUG,-84.48
18000241,0xfc01183394fd851c5c6bb893ca9439b8f22ab480,0x53baddc2956a93b3b8bcdab99997f9de38ff3168,0xC02aaA39b223FE8D0A0e5C4F27eAD9083C756Cc2,0x2c41be8681ff063ff4ab94202c1d84bc991c2bff,4.44,False,True,False,RUG,-91.08
18000242,0x0527147c4cc837577697256d4d12b75c0ca5241d,0xd82c3e7ca4c2714637abf6e31a81b809ecd0fbb8,0xC02aaA39b223FE8D0A0e5C4F27eAD9083C756Cc2,0x8f4a6900062b8bdd92875edad871aa0e063aa4fa,2.86,True,True,False,RUG,-93.2
18000243,0x10edb663ef34d0aa9127d83d65d06bd054ebadfc,0x8e177ba02f939606c7c7e886f0de87e1bce3b839,0xC02aaA39b223FE8D0A0e5C4F27eAD9083C756Cc2,0x9cfc4594446da9af92d9db370a24047f43ec8ae6,3.45,False,False,True,RUG,-86.94
18000244,0xf31cd6dddfdf8ec0caa18cd15d3314f85530bef0,0x49e7d5d46751febce4ced2008ab8a6a57235672c,0xC02aaA39b223FE8D0A0e5C4F27eAD9083C756Cc2,0xa4b5962a0318ff73e20ce8eeaf48eb1c95ea90bb,0.89,False,False,True,RUG,-87.75
18000245,0x701d0c1db5c93b588fc85b74ce0e4f91f9b6b46c,0x22f77455275d14c3378f1e6a5973117d956de583,0xC02aaA39b223FE8D0A0e5C4F27eAD9083C756Cc2,0x03a398f39499aea1eac21a94c6f0e53cb15cb049,1.96,False,False,True,RUG,-83.33
18000246,0xed42250bfd562e279dfac83e9817f02cc9018e3b,0x14e9e47ce1197b1b7934f3c52f71c164c4b87c94,0xC02aaA39b223FE8D0A0e5C4F27eAD9083C756Cc2,0xe4f814c583f31beecb5efcdc406df00cc5546974,0.5,False,False,False,RUG,-97.62
18000247,0x054545a854675819c690004de849281d4c5c6a90,0x0ef3d447d66146729a6dae2f7498688cebfbfb2f,0xC02aaA39b223FE8D0A0e5C4F27eAD9083C756Cc2,0x2a3e012fa335606be18cc559e80b36d56f3a7b82,2.9,False,True,True,RUG,-92.61
18000248,0xb48f723e64abf9ee1582780143f3583b70906fa9,0xcc7f939f23a23c6db0aaac03c0ffd96ece6ec0d3,0xC02aaA39b223FE8D0A0e5C4F27eAD9083C756Cc2,0x28d923b9198785dbdc1bdb51048bef7948f3fe86,2.35,False,True,True,RUG,-97.83
18000249,0x44bce7d820223ffb3b0f14d2535de8bacd806910,0x776b5022980ff1c68059707de755e6664237925f,0xC02aaA39b223FE8D0A0e5C4F27eAD9083C756Cc2,0x33e1312ed283720b20bcce9f9169102e17b9f96b,18.11,True,True,False,SAFE,12.27
18000250,0x17f2f2eb0b154e2420c61bac82f8cc953118cf98,0x37c8ed84e6755ff261ca701805b8c3b24b26bee1,0xC02aaA39b223FE8D0A0e5C4F27eAD9083C756Cc2,0xb601ab3981d8152aa687bfb0c6f8dcc72ead7a42,0.79,False,True,False,RUG,-82.69
18000251,0x9f3b876b25b22e7c53eba7bc52824e76ead937ee,0x983c65144aba214ebfaed3ea386062a84d5af497,0xC02aaA39b223FE8D0A0e5C4F27eAD9083C756Cc2,0x8e8483d9a89961d67a96fec4e2f1e4eb84c2186a,87.77,True,False,False,SAFE,6.68
18000252,0x3a3ccd5c6e3457ae06c5b993e2f59fb417dd3d6f,0x75e11a2410880b44c89a51fbbf67c3aa3471cdce,0xC02aaA39b223FE8D0A0e5C4F27eAD9083C756Cc2,0x7c90d56183377db98b61420b8c50aa751ac52a83,2.46,False,True,True,RUG,-81.49
18000253,0xd1cec2bf5d7e80c4b614fc53712f877f455af8fc,0xac4fef97cff40519ec4e27905fe445e9882f1f8d,0xC02aaA39b223FE8D0A0e5C4F27eAD9083C756Cc2,0x68b3bd1532c5ef8e9ba6a8c731f479adeff2106a,93.62,True,False,False,SAFE,-11.43
18000254,0x6f59b2c11fd19783b02b4260c3b1ff31bd1423b1,0x98542ae672dd439fea0f8c1707f7908c6c2a64b0,0xC02aaA39b223FE8D0A0e5C4F27eAD9083C756Cc2,0x8d05b92e5f97e090d4694ac37e49fb84c7be0004,1.79,True,False,False,RUG,-84.54
18000255,0xc3d90cdaebf5d885002abcab515b02aabb99dd09,0x29c4258061b848f6e93f25c2ac819d70bfbc1f99,0xC02aaA39b223FE8D0A0e5C4F27eAD9083C756Cc2,0x6fb26f883e9075311671b2594b32f129b53cab50,4.67,False,False,True,RUG,-93.97
18000256,0x4936da5e3df2ac3a2be0739dd57e2e222e053c80,0x390f310f5905cbd3ce2401751d455cc56d86f3c0,0xC02aaA39b223FE8D0A0e5C4F27eAD9083C756Cc2,0x8a901d4552626292a56b900c03397bf6186c408d,3.63,False,True,True,RUG,-83.61
18000257,0xebd1f294400f6f517dbe9be8f262424cf9787f7a,0xf17017e0cda21b09e59ed5973921ac4a82c8504e,0xC02aaA39b223FE8D0A0e5C4F27eAD9083C756Cc2,0x5a8f9195563c61812c894d73562bd28b9be8d377,61.31,True,False,False,SAFE,7.9
18000258,0xd1659275aa219d80201262e9f0099ebd3a3dea79,0x68eadc91543bb3ee80ff0022457578e9541c208e,0xC02aaA39b223FE8D0A0e5C4F27eAD9083C756Cc2,0x624429238d5de374e2e7f608057ec093863af931,0.48,False,True,False,RUG,-99.61
18000259,0x16a654963caf0662d1a89e2f7b8664ca2933d570,0x289041f721412c684014b676300c7262ca31e6f2,0xC02aaA39b223FE8D0A0e5C4F27eAD9083C756Cc2,0xf80f5bdc50aed334378c0c781d3243ff7791a890,3.42,False,True,True,RUG,-80.93
18000260,0x76f6c1359a70afdc9c16f651c3bd3d7817e3201e,0x0dcdd702a088a6657499a536ab3d78fe059bfabf,0xC02aaA39b223FE8D0A0e5C4F27eAD9083C756Cc2,0xd84cff1ae7b7978e8ed2c98b6d093976783c8960,17.73,True,False,False,SAFE,18.71
18000261,0x70c12f073790e2fd0639d4b01ca916d69a837dc1,0x17f092a1ebc0a7284d3ec60f487f92c3b9ea0270,0xC02aaA39b223FE8D0A0e5C4F27eAD9083C756Cc2,0x85340bb2a5cc2df8b1bbb24f999f3bc4015be1c0,3.02,True,True,True,RUG,-91.35
18000262,0xd02173b0285fa0244c641f0a98d17c40bce2e0db,0xa026d5991760894cf89af78c13ac72b15fb3e057,0xC02aaA39b223FE8D0A0e5C4F27eAD9083C756Cc2,0x5c7af149f948755093b1671669e5bfcf4f58b011,2.27,False,False,True,RUG,-80.42
18000263,0x9420addac7525bda7e642558a0b59558c0c80ec6,0xb477f525c0b3943d175b26bee403dc7d8a481d94,0xC02aaA39b223FE8D0A0e5C4F27eAD9083C756Cc2,0x0900e3f679e7a7328e434ef786d56b5c0c150d15,2.65,False,True,True,RUG,-91.29
18000264,0x4d57dd1b9e564b8994c45d8670c75de365b70ed8,0xde3295f7e56be2d4ba92755888640273835d8bc5,0xC02aaA39b223FE8D0A0e5C4F27eAD9083C756Cc2,0x7109d3135afd733deffdd1aa827def1806ddf7df,1.11,False,True,True,RUG,-84.03
18000265,0xdaa00cb9000703f0a26b5c736f7a3bb23dc672ca,0xdf5671fbc6cf1004ae8ef8cc65e8dedc94a18b94,0xC02aaA39b223FE8D0A0e5C4F27eAD9083C756Cc2,0x867515bb59d6bb0e77bbc1c836b23d3edca4f136,66.57,True,False,False,SAFE,-7.39
18000266,0x43e3a496fcfb5a4a4967598300372a90a9f90bb6,0x9c76b5e2ae1d50c709f371fe97657df5335b0542,0xC02aaA39b223FE8D0A0e5C4F27eAD9083C756Cc2,0x8f121f973d9404b78432a4ef87ecbf44dc476d2b,4.15,True,False,False,RUG,-98.29
18000267,0xc40731a4137c9a2645e0549ee74fb64c6e9860b9,0x74f20f9ac59304044633b607588cca31e71c0400,0xC02aaA39b223FE8D0A0e5C4F27eAD9083C756Cc2,0x94e51acb70ebd1f936c9d3ea03ff85f3a68e10c0,0.42,False,True,True,RUG,-94.38
18000268,0xe3ca2ad24499aa2645acd12a9b175729b84e7f9f,0xc0d4b21b71c64530985ca3b796f8e9508b1d4f35,0xC02aaA39b223FE8D0A0e5C4F27eAD9083C756Cc2,0xd62a3b0b504e9871ec82a7150574eef30aba52f3,48.45,True,True,False,SAFE,35.98
18000269,0xf10c83555aeef63b2ccd4d05f30bc358485de978,0x5145fd3b818dde56ff0137b6e7c2ed8e309276b9,0xC02aaA39b223FE8D0A0e5C4F27eAD9083C756Cc2,0xa12423a34a6b85f1cb7cc93a64766ca9038a038c,26.23,True,False,True,SAFE,-13.46
18000270,0x222e07fc354c48f714830d9da7f5a73a620fdaaf,0x9429c4c3cb310e781fdc21428d6df1fbdbbb865a,0xC02aaA39b223FE8D0A0e5C4F27eAD9083C756Cc2,0xa596df4670633f6bb849bd9a02cffd1a6aad41a7,1.6,False,True,True,RUG,-97.27
18000271,0xf5f2e305461e542deabb6d78487de6bf255f015d,0x0541036f6dfb13dfe6698d781e74f4a4a0a1e317,0xC02aaA39b223FE8D0A0e5C4F27eAD9083C756Cc2,0x80d8db0f54040954069582f2b0ef4e68199d0737,1.15,True,False,True,RUG,-86.71
18000272,0x5ce5d3681dd79c18f7d513097afbec4d2931e67b,0x71fcefec92d7a656a66ee9da735a273ea5678075,0xC02aaA39b223FE8D0A0e5C4F27eAD9083C756Cc2,0x54fac6442e294b6229460467ad042b3263d991b1,3.81,False,True,False,RUG,-95.14
18000273,0xb26f6cd78a9a857fc6e6c3c899df4fe2eb245287,0xba6679ed3154772e93f28b76bd35c7817f6f8e18,0xC02aaA39b223FE8D0A0e5C4F27eAD9083C756Cc2,0x68cede291a3089960835dd552ec3fdc730b951ee,77.04,True,False,False,SAFE,24.43
18000274,0x45246633494bd607a10956143e217a65a67c03c5,0x7a71bc30dd83e0554ccc7947dca0edd04ba271d4,0xC02aaA39b223FE8D0A0e5C4F27eAD9083C756Cc2,0x64bca53bf11fe0846ec4eb104a1d6c826d03f2a7,3.56,False,True,False,RUG,-80.2
18000275,0x6b9d5c95e66aa2261b60442ad1dfba1176a71bf5,0x2500b3e9d618a8c1b1fd3b252af4663a228394d0,0xC02aaA39b223FE8D0A0e5C4F27eAD9083C756Cc2,0x35adf42423b64e820b85c70e20e8bc796996330c,3.09,False,False,True,RUG,-80.04
18000276,0x86891d841b71bf1e28115ac77f6523d5a51a9532,0x16e27ef832b3453eff17f1f9ab609c88faa57914,0xC02aaA39b223FE8D0A0e5C4F27eAD9083C756Cc2,0xb6e668f3599a090bc5efb85343d5dd240d46d7ae,1.33,False,False,True,RUG,-98.18
18000277,0xa741d21f7c1bc57dab0aac1edbf4c99003fe1bfe,0xd52eff6adae8e57fc934ad0b15fda9e15c761b2e,0xC02aaA39b223FE8D0A0e5C4F27eAD9083C756Cc2,0x9666cced32583b8a4bef38bf841f869f8ab30f64,1.92,False,True,True,RUG,-86.34
18000278,0xfc5fcf4eb610e83df4968613d95b3d55a59ece06,0x061619842fd57a1ed1c437214c100da9a740abca,0xC02aaA39b223FE8D0A0e5C4F27eAD9083C756Cc2,0x4aa81d90fff8ce218f5fd68fb6926ff05535703d,4.76,True,False,True,RUG,-87.2
18000279,0x7a456fd51fb920ad5002e6dd6735c29b51360d45,0x303bdb0971cda0892f4cae54258ab1fb09670bbc,0xC02aaA39b223FE8D0A0e5C4F27eAD9083C756Cc2,0x6966a34861c829d2aec910d377b851628313bca9,3.31,False,False,True,RUG,-96.28
18000280,0xb3c9baed602422a7b72ffc7c18bdb41f9fcc5a92,0x2f848d79f658587203e51fe7e1a400473c4c3c80,0xC02aaA39b223FE8D0A0e5C4F27eAD9083C756Cc2,0x8d4385906275daa8e9d4ffe38952a541d26eaa5b,38.67,True,False,True,SAFE,37.93
18000281,0xe700b2b320d53f34363a3acc5cd35f8eafc1fe86,0x7c8002596bd5caf2cd47711af8d52648c8d06d21,0xC02aaA39b223FE8D0A0e5C4F27eAD9083C756Cc2,0xbe962ed79ea1f756ea6ecffedccd6bd54c2c8b9e,1.77,False,False,True,RUG,-84.75
18000282,0x9891f81c8a6329f0c3ff09fc064aa745e0bf34c4,0xdc80f73dd3882654a43cd297891a6f0ecbf74941,0xC02aaA39b223FE8D0A0e5C4F27eAD9083C756Cc2,0x32e9ad96521d19b28fb3f24fcaa4c688e30a75c3,3.12,False,False,True,RUG,-97.76
18000283,0xb8c4d2dccf147eca6138ea61ad80440943b82984,0xe4cda23caf76c9e8b08400b85077ce19941ef890,0xC02aaA39b223FE8D0A0e5C4F27eAD9083C756Cc2,0xa1138415723567f771d3cef9e996edd1179c7fb9,1.45,True,False,True,RUG,-82.39
18000284,0x4d37bb661dc95578654f8f5d44a6709bd74f6733,0xcb3838a09196b82dec95681a606bb15b59e96dca,0xC02aaA39b223FE8D0A0e5C4F27eAD9083C756Cc2,0x658dd8998a3df5352921adb7b34b3558451e0d83,3.11,False,True,False,RUG,-83.1
18000285,0x795bb099688bb2cc416a8c7c7087f9d459083d8a,0x1feed619861eeab9981a7ba87282cec8357dde9d,0xC02aaA39b223FE8D0A0e5C4F27eAD9083C756Cc2,0xd757a40dce4aa951df295303175b18f364f14922,2.58,True,False,False,RUG,-86.37
18000286,0xf15f505fea08a681c3edec98d87ce8c4abdd4e0f,0xa126f3e0992a3da6a9b12a194b9363c32b7201b2,0xC02aaA39b223FE8D0A0e5C4F27eAD9083C756Cc2,0x9abb621220f3e0b38fdd7f8430dae5b28f59271b,9.88,True,False,False,SAFE,39.81
18000287,0x79895b1b51553371cd6f7ab3704b28bbab92d6f7,0xbf50b45195ddbde24e310f3253ff7c0ae2f6a328,0xC02aaA39b223FE8D0A0e5C4F27eAD9083C756Cc2,0xcfd57b1b0c3d507f2484398ef4114f64a3070474,4.31,True,False,True,RUG,-91.95
18000288,0xe4c4f579ca82dcd489c11b0cfc690ff43211fceb,0x659a5b9d9d43e24150bb167b0e4998340ab471f6,0xC02aaA39b223FE8D0A0e5C4F27eAD9083C756Cc2,0x83693745dfa092b45b99bc99d6e12d35f4bdff34,2.06,False,False,True,RUG,-80.57
18000289,0xc545842e328db532dc2a8197558c29159e4fbe2c,0xa04ad32524af08c543fa6df85f0630621325b480,0xC02aaA39b223FE8D0A0e5C4F27eAD9083C756Cc2,0xa0b1bdc0450aed7bb258359ee961489db4503595,34.05,True,False,False,SAFE,36.28
18000290,0xba24fa1b2cd52451c1b377814c2ddf848aeabb4f,0xfd4736d902352942532dee2bd806b94df881e425,0xC02aaA39b223FE8D0A0e5C4F27eAD9083C756Cc2,0xcc6506076090602cd6751acdcb3071644ec2fd95,0.76,False,True,True,RUG,-84.28
18000291,0x9968ca68548395191e2c339b667e4a437858da20,0xc3ef3a34133196a2166e9f781f705b274e59c86b,0xC02aaA39b223FE8D0A0e5C4F27eAD9083C756Cc2,0x50d04b75a08e75fce955dda0a6bfe43c07ec94bf,76.36,True,False,False,SAFE,11.72
18000292,0xb4b314891e8e6ef08bf019905ebabd6bf027e576,0x6ba931eae0f1e168777f690b9c9fe1b9964f9d29,0xC02aaA39b223FE8D0A0e5C4F27eAD9083C756Cc2,0x0343c7bf6af3728ca3552a2729379c75e429f444,44.38,True,False,False,SAFE,-18.22
18000293,0x7f0ed0fc8dd15f59b3c283abe39cb387c134ed10,0xd2c876c38831c680482023ebb3f1d9cfa0a110ae,0xC02aaA39b223FE8D0A0e5C4F27eAD9083C756Cc2,0x884a88a57bbf88b81f04426091d4518f63bcc4c4,3.26,False,True,True,RUG,-90.76
18000294,0xacdd900f2d6eec1169654326582a3f7e85474e20,0xe7916f031cdc186e99e7caf1515a62d33a05479d,0xC02aaA39b223FE8D0A0e5C4F27eAD9083C756Cc2,0xeed9b91d61bc1667fcfbd591ff68ffb1aa04b942,5.0,False,True,True,RUG,-87.15
18000295,0x328de6fa2be0db42c2e3f90893e808ac4051b295,0xa2c28ac8f66a6601f2cf622d4133a29b1d49334b,0xC02aaA39b223FE8D0A0e5C4F27eAD9083C756Cc2,0x224ada1eaf5785f7ba504dcac7551e4edf6bf0db,3.84,True,True,True,RUG,-96.41
18000296,0x94f8f9938c145d74c1742cefb157bb9d5a56613a,0xb0d9974ee2bddab949c07dc2378c33e1ae03e6ed,0xC02aaA39b223FE8D0A0e5C4F27eAD9083C756Cc2,0x7cab7ed9ada5ab510a0a1b8680abbbb934b15037,0.95,True,True,True,RUG,-94.4
18000297,0x9961705760a822049c95dc56741c1900825cc6b9,0x660ba3ec1b04711aaf195fac07c3c2e5df4015e6,0xC02aaA39b223FE8D0A0e5C4F27eAD9083C756Cc2,0x946f7dffc2eb24ceac917fbab60b1b3307c50f77,1.1,False,True,False,RUG,-84.38
18000298,0x81b349625cd4dec36e327db93d2b04933b00ab49,0x249a5c1356c4984fa358aadcdea54e04b2e5346c,0xC02aaA39b223FE8D0A0e5C4F27eAD9083C756Cc2,0x9c62295ac7f9ce89afc985c7fab3084f3d82b7fb,3.94,False,True,False,RUG,-82.36
18000299,0x2f8f15e7db3a6cabd435e35e68885575ae1af439,0x6734808582c2fcb51758fc5b03cb274dd544b2cd,0xC02aaA39b223FE8D0A0e5C4F27eAD9083C756Cc2,0x84bc9b046f72e78330876c53ebd6ce031aac6ec8,1.72,False,False,False,RUG,-94.89
18000300,0xf71c303ae049d31dbbc85ed905f8dc673641ed5f,0x8b118d3f59dca2bb04fb1f785b2b7e954317410c,0xC02aaA39b223FE8D0A0e5C4F27eAD9083C756Cc2,0x7011916b17bb1f284106904874d8da80940425c1,0.31,False,False,True,RUG,-97.92
18000301,0xfb4f33521e313deb4d55518367c34cc7ef69f46f,0x037140c7770f8a24e1b8fe66da57d3b9ce9199ab,0xC02aaA39b223FE8D0A0e5C4F27eAD9083C756Cc2,0x0c970da3bb0d3a57600bf06f417ad6ad2953ee8b,0.18,False,True,True,RUG,-97.74
18000302,0x4effbcef77ff23d713c07bf88e9f6640cd2de030,0x38e528e4bb5c8a4558798485ea9b7897f776771f,0xC02aaA39b223FE8D0A0e5C4F27eAD9083C756Cc2,0x910a9e21dd3be8a35a20e9c66c5c3e80bd6d81d3,3.54,False,False,True,RUG,-85.11
18000303,0x92c7f6276278cfc211f974a276f2757632000f0d,0x5c7198190f4f4657d9f15ea309025008b4b7244b,0xC02aaA39b223FE8D0A0e5C4F27eAD9083C756Cc2,0x1a4eeb8a1b0982c653697f607ec889f498ce1339,4.28,False,True,False,RUG,-86.31
18000304,0x3011c85551ae054f7abb93b3d5adb35adf8ead62,0xed89efe2b1ae762027e8ba1fe68cbc74fee93cf2,0xC02aaA39b223FE8D0A0e5C4F27eAD9083C756Cc2,0xdb3fb7637e916d39aba2858dee96f343fc543b2c,1.46,True,True,True,RUG,-84.73
18000305,0xcefd4d7f5ad88d328e6e5927336d7a6d31e911c5,0x2ebe497a2a9d2e7c543701b098fb97b86e30a1c3,0xC02aaA39b223FE8D0A0e5C4F27eAD9083C756Cc2,0xf96f0afb95bdc87e71c4d27951c8fdeb42fa1973,0.74,False,False,True,RUG,-88.47
18000306,0x5efab0fb502ee2e2aeedcd2349526ae951335aca,0x362ec0f7b0a49aa268f5f477239f1a53a7e74850,0xC02aaA39b223FE8D0A0e5C4F27eAD9083C756Cc2,0x0e053d17095d0a084931d6a1d40dace573440803,3.21,True,False,True,RUG,-86.73
18000307,0xfb064b8bf14621b238189e8bb82e520ec01c9aab,0x1aaaf4bdeb447f0314708fb91bb862448ccf77f1,0xC02aaA39b223FE8D0A0e5C4F27eAD9083C756Cc2,0xc89ec79f1aeb638fb5dafb7f9e38851bd2e30d45,1.25,False,False,False,RUG,-82.14
18000308,0xb2064c9d8eb7ee309b65e33d666560c53befcb75,0x256a1ad31626ada0f9f1f2a782399e3b9344a2a6,0xC02aaA39b223FE8D0A0e5C4F27eAD9083C756Cc2,0xb680ecf005b8750641874fab8e41a78cc143730a,4.31,True,False,False,RUG,-83.28
18000309,0xc0346f18858045d8472fb266585eccb40dd29494,0x1e84b4f0b3752ccd16b283baccbb125b038d02cd,0xC02aaA39b223FE8D0A0e5C4F27eAD9083C756Cc2,0x2ba11af70fa8b3d5b7a7d4797b2a8ad59129dbb5,3.75,False,True,True,RUG,-92.76
18000310,0x7218dbe0a95cebb428ccbdce7acd9adbf67aea1b,0x698fc141c27a87599b66d943936e5e02cb24efb9,0xC02aaA39b223FE8D0A0e5C4F27eAD9083C756Cc2,0x7e578ca3a227271b00e1fe7ea24bbc81acfacbd1,4.63,False,True,False,RUG,-94.61
18000311,0xb47689e410602ed2709b702270c2f7a790cd238f,0x47821360ec80bc04c28fd465f6cfc7bc00b50b53,0xC02aaA39b223FE8D0A0e5C4F27eAD9083C756Cc2,0x38362cfaca0bcd68ad987770491b728d6af1ef42,0.83,False,True,True,RUG,-86.12
18000312,0x5f7c12ed6ec42a7bffc759e2af000368fdd6d313,0xeaa7591d75093b2613cfc5751389d640b7cf3237,0xC02aaA39b223FE8D0A0e5C4F27eAD9083C756Cc2,0xc8979d75beff9afb14caf14f8d400596ea6bf997,1.78,True,True,True,RUG,-95.5
18000313,0xbcc0968c5b5c8ba932fee5982f55d7dbd87c572f,0x8a1a7c1c087bd4170e16dc02fb44ebbf5f8639b9,0xC02aaA39b223FE8D0A0e5C4F27eAD9083C756Cc2,0xb6b9f5c68a0b7a4a773f6ac16d9ba1a973f10fb9,3.7,False,True,True,RUG,-96.05
18000314,0x2a661410cc9061e2e6b4d9e700fdc6702670031b,0x8ed16c332b41c47103274f6123bfc03d9d9e34fd,0xC02aaA39b223FE8D0A0e5C4F27eAD9083C756Cc2,0x3e71a5cd858954b3fd3e9baceb7d2822dd97d14b,0.88,False,False,True,RUG,-90.45
18000315,0x1bc65ce5065549c1f31c7db836f02ae1c3df5a7b,0x2581a7e9ad8e3bfd46528912231b8904c8f55d1d,0xC02aaA39b223FE8D0A0e5C4F27eAD9083C756Cc2,0x8e3c0a62af0d9ca8324491294ec84cdd84c93c59,1.99,False,True,False,RUG,-84.68
18000316,0xb2bf7d0663222b90f94cc0013c189f0456bbdae0,0x75ddee86f1761d4f129bfa0a0faf2f4671a4b9fa,0xC02aaA39b223FE8D0A0e5C4F27eAD9083C756Cc2,0xc408595828bced9fa48ba9c16d839d1e89ff391b,3.95,True,False,False,RUG,-86.16
18000317,0xc8fa61b59d35e58e8458c13eed4e44406ae3b7a1,0x49c092b54562d3efe161ca90d2825ea7f6929ae6,0xC02aaA39b223FE8D0A0e5C4F27eAD9083C756Cc2,0x0f78201392e5955035f88601519473f38b43f120,2.64,False,False,False,RUG,-94.14
18000318,0xbc02c1ad8c0b76586eeae7f1a70e780550b5498b,0xe00121947171748d8d0b8944363272f0b59bf717,0xC02aaA39b223FE8D0A0e5C4F27eAD9083C756Cc2,0xce1237c4f44eea199b3232c34ca7ffddbc543bf4,4.27,False,False,True,RUG,-90.14
18000319,0x4d4d4a15b451a5925183c28e3ac6cca5293700b3,0x6b1e10458e2b0068b10be3792d70fc85ef22918a,0xC02aaA39b223FE8D0A0e5C4F27eAD9083C756Cc2,0xaa7620e21755494ac7ce34f0f6f97d689837e9f5,1.75,False,True,False,RUG,-92.99
18000320,0x36d35388eadafe1af9cf78dc8b5ff357e787a761,0x1103256182a29c9f30f04e7e600d20f9c8aeb91a,0xC02aaA39b223FE8D0A0e5C4F27eAD9083C756Cc2,0x7d95a48d224f4dd565c84278f952cfd7a8c531e0,4.03,True,True,True,RUG,-98.47
18000321,0x57d1a5f9bc07905725ae912d26cf865db1414dbb,0x572999a40cb21c5d838ec805ef6d03a6d21e45d0,0xC02aaA39b223FE8D0A0e5C4F27eAD9083C756Cc2,0x979cdb4016ac37f7fc1b127b039d1a42022a06c9,1.93,False,True,False,RUG,-82.73
18000322,0x9088380123b83d92a5bdb3913b52ce16405366fb,0x5bdf5fb5034ab6038672c70fefd93c2b4bed78ec,0xC02aaA39b223FE8D0A0e5C4F27eAD9083C756Cc2,0xbc336b014e1b7294854fe914ba5e1c59b6c5e84b,2.01,True,False,True,RUG,-93.68
18000323,0x9aef2ff5dd960a585d29d3e6dcd307ad874587c9,0x5becaec240a634e8287ef364e6c6e749736e4a7d,0xC02aaA39b223FE8D0A0e5C4F27eAD9083C756Cc2,0x12c72de12b6ad7a3e210827c4ea6569770d7dace,1.08,False,True,True,RUG,-94.05
18000324,0xc1fa2ceda8dff1866ab31175af3bc68198581ac7,0x77b109ae1fa0e01f09ce7a13769c665bf5f284e3,0xC02aaA39b223FE8D0A0e5C4F27eAD9083C756Cc2,0x77a47522177426c40135a6e85d4d1174ff0fdf5c,2.52,False,True,False,RUG,-84.86
18000325,0x78197e17cd8524ccf0dbc14ddd937b25ce342135,0x768180a4d11bcbfd367e91c46a5e081f954dd4aa,0xC02aaA39b223FE8D0A0e5C4F27eAD9083C756Cc2,0xde2115dca9715d9c12e3e664bf382af222dc12ae,4.7,True,False,False,RUG,-87.14
18000326,0x5ad26c54c4c77fce122ef876a4c969ef9ce44b8c,0x857713a235c223f4a4eb492a1f7da1a6788c6c33,0xC02aaA39b223FE8D0A0e5C4F27eAD9083C756Cc2,0xc472719cdb49a77c48396024a4287ec124f608a2,19.7,True,False,True,SAFE,-11.87
18000327,0x0271c582da70bc6a43ab127f1d98ce0d6e0ffcc6,0x9006e920f2fd054ab0be41d432193fd7f8474741,0xC02aaA39b223FE8D0A0e5C4F27eAD9083C756Cc2,0xc9ee5ab919dc36f4ee9e6227006c263b05f1b779,1.94,False,True,False,RUG,-94.81
18000328,0x482d4a8009231b4409da92d93b0274b62478bf56,0x3623f1330aca0949c533d80a255c774d63d4d2ef,0xC02aaA39b223FE8D0A0e5C4F27eAD9083C756Cc2,0xd1cf118cf8753c6f9b6c06cdbebf16c40bc27c6a,4.96,False,True,True,RUG,-80.66
18000329,0xa5dd0e3d5a06e6720ff8c63654c7785989ee1b58,0xd1376ebc2d75d6d24fd8b4e61fce2d2b7149fe44,0xC02aaA39b223FE8D0A0e5C4F27eAD9083C756Cc2,0xeb77b289218ec673e97a511880e5b3792fe0b906,3.52,False,True,True,RUG,-93.61
18000330,0xf764bac458112f1bb21798a669151723d7e705e4,0x5dc7900036000c8f2ce870579661b81a8c0d91ff,0xC02aaA39b223FE8D0A0e5C4F27eAD9083C756Cc2,0xdfc4eb369f1e49e41fd44cf0524fa9607c145eda,3.32,False,True,False,RUG,-90.03
18000331,0x29d9d605cd9c1013baf394585857248c61213819,0xb923ebb05d90ffd3313cb013294a623a22bf3b5e,0xC02aaA39b223FE8D0A0e5C4F27eAD9083C756Cc2,0x15dbde40d76d3e918e6622372171862d2d087f49,3.29,False,True,True,RUG,-96.48
18000332,0xa4c60e8b198dea76d95614ac76b299df99161397,0x1bd28c1889f7870fb1d6913554a5a6935142852a,0xC02aaA39b223FE8D0A0e5C4F27eAD9083C756Cc2,0x87dab4d90a5ee6e6374d56e9b2f7e1c9453fd4e9,42.77,True,False,True,SAFE,-14.08
18000333,0x8bdb6d0568bf82c5fcedeba6160b5e7c1013c0ef,0xded4291aff9b29d4eb65996fbb3cc9e9a1040305,0xC02aaA39b223FE8D0A0e5C4F27eAD9083C756Cc2,0x29ac0d72e3a9adc9e4e1f776100d191d03c36ffb,4.06,False,False,False,RUG,-94.64
18000334,0x393c0d158dcb316a9948dc59c11046194d7ecc49,0xbd8a1f355c42fc9d29e8369eb3ceda1e116c9a76,0xC02aaA39b223FE8D0A0e5C4F27eAD9083C756Cc2,0x80276d21964209915868c69be736f096b6161e4a,0.61,False,True,True,RUG,-92.52
18000335,0x0217d23c38f43c41b1f47aad04906cdc3cf094e8,0xa0e05d09e9a8d539929795f1201cdf9c33378975,0xC02aaA39b223FE8D0A0e5C4F27eAD9083C756Cc2,0x3ff1fdc4392455d4bd62bd3f502e62554df3c012,1.88,False,True,False,RUG,-83.72
18000336,0x8117ad3aa0302b71423a6ac5dbbc97c3c072d141,0xb863c97eef4c174b420c0ddb7220ca24b24bb310,0xC02aaA39b223FE8D0A0e5C4F27eAD9083C756Cc2,0x62182ab5b8eaff68d889b54c1b053af27a2a35ba,3.95,True,False,True,RUG,-94.86
18000337,0xf8b1cede3b0071fd09bda74f910d06fb0adb76b1,0x516161793e0eb880ec7d14f43d2d1edbb5610766,0xC02aaA39b223FE8D0A0e5C4F27eAD9083C756Cc2,0x43dbc8b1221dff8b00e42f0eb52726e44e006997,4.21,False,True,False,RUG,-96.18
18000338,0xeecd2b4505d3fe2bc7aaae80fbb49e2d3bd41efc,0x859471900b9d84c76d8c90893ba50917ecdb53fe,0xC02aaA39b223FE8D0A0e5C4F27eAD9083C756Cc2,0x4f3e6c3bd3b1bda0c4317aedae2cdb9a2956895f,3.93,True,True,True,RUG,-92.49
18000339,0x30366bec73d52335504075afa2357c7b41185088,0x0d28a99ed7e70557a9fbf7bdce62e074861fa86d,0xC02aaA39b223FE8D0A0e5C4F27eAD9083C756Cc2,0xa5dc3cec1190f55fdf0ec4e528aeecd4fcdd9e00,3.12,False,True,True,RUG,-81.39
18000340,0x450b057ae8455ac3b594c5e82c8b15ef05407b15,0x38f05127818f204ff546f66a0b565323991bcab9,0xC02aaA39b223FE8D0A0e5C4F27eAD9083C756Cc2,0x69077ca2f4fdf53e819dd6a082b608c8fec4c4ee,4.09,False,True,True,RUG,-80.4
18000341,0xf6d17f6f26a8c6ebb1c1ef68a1a42ce2c6102749,0x6451efc602441dea77ff590bc01df58a06b257b6,0xC02aaA39b223FE8D0A0e5C4F27eAD9083C756Cc2,0x1b8ade5f084a3e880d032290e872b3f2b94e4f8f,54.29,True,False,False,SAFE,19.63
18000342,0x4d2f58028662c717a3b7ca914f737f12d95bcf16,0x2c90730647cba9864a8a07d4a8145f9a54679162,0xC02aaA39b223FE8D0A0e5C4F27eAD9083C756Cc2,0xc643cce6b38abe9b132ab0712f356bf3f1bbbb9e,3.39,True,True,False,RUG,-95.55
18000343,0x22be6d6eb6f2a0bc3d1bf39705cd83bef2b7b047,0xd4349f6e91e52fa90b9327caf9e028fb825e17d2,0xC02aaA39b223FE8D0A0e5C4F27eAD9083C756Cc2,0x5d0c62712027cb8254d7826f847f17b81f53c0ca,1.52,False,False,True,RUG,-80.9
18000344,0xc781cb4fcd0714153b82ca126ac3b5d009676153,0x57a155032c799710e3d39a6466055eff0bd9d1c6,0xC02aaA39b223FE8D0A0e5C4F27eAD9083C756Cc2,0x7f5126734e0e3dd3d33decaee08d7a870a34bffd,2.74,False,True,True,RUG,-95.06
18000345,0x01d5fa7bc3d2b2027a1cd2c08d28820cb915a2ab,0x23cd33519bddc0da86125f5d6c92a015810d1a85,0xC02aaA39b223FE8D0A0e5C4F27eAD9083C756Cc2,0x430c5e970fbe29c97e9af5eaa0d29ad11f2f6bef,0.67,False,True,True,RUG,-89.47
18000346,0xdc53034dc30cd4a1c77684a922e941688d133248,0x404f1a6763715858db9bdda7206ca9ca8523692e,0xC02aaA39b223FE8D0A0e5C4F27eAD9083C756Cc2,0x979226d960435ee8e2be714d1bf27711b0937240,35.49,True,False,False,SAFE,-10.58
18000347,0x37ff09545aa647b7536220d59770b6dd8a3f415e,0x659ff100a20f2e1a5057249071d5d17b8a336293,0xC02aaA39b223FE8D0A0e5C4F27eAD9083C756Cc2,0x5741569b5079fcaefff5fa8ef2e04061c4bc28de,2.14,True,True,True,RUG,-89.79
18000348,0x331586e410d6bd2ecf6e4e78f0e158ae44e6aa92,0x877445062f6ca4472a2129e25647caf836fb50eb,0xC02aaA39b223FE8D0A0e5C4F27eAD9083C756Cc2,0x63bf3c32580b48b97e87e05ec1c9e22bb6f8e540,4.44,True,True,True,RUG,-84.98
18000349,0x2caa16af5b96609bf58d77f1859334a879037cc4,0x409f3d6f2bf57a96f505b46e658aea078b4a6cc6,0xC02aaA39b223FE8D0A0e5C4F27eAD9083C756Cc2,0x4a344bea3d56e1cd1363bf855002fb717dc4bbc2,2.82,False,True,True,RUG,-80.49
18000350,0x2cab767bcd237fc36fc141e731a05bb7c4d16b90,0x14f5848607a7e9a35acb7f3cf7dfeb0e2c791a55,0xC02aaA39b223FE8D0A0e5C4F27eAD9083C756Cc2,0x3c21a982bfdab35f30ce3917527eb3265fb8efa0,3.15,False,True,True,RUG,-97.93
18000351,0x9441e1c2f33d3e842c316cd07a7cc394a0271178,0x0652186af6e1a98bda9d5ad3bfe7cfe26e7bcea0,0xC02aaA39b223FE8D0A0e5C4F27eAD9083C756Cc2,0xa37ed5efc6b0a347e42245a91b10fc3587ebd2f5,1.28,False,True,True,RUG,-87.77
18000352,0x738511691cc18acabe40408f681e51d38df53ad7,0x176dfbe8e1f16b85f1cc27c791e1841a034b6843,0xC02aaA39b223FE8D0A0e5C4F27eAD9083C756Cc2,0xd473b93c69719baa8fe9efddf99f9fcac7db9d4a,58.3,True,False,True,SAFE,18.86
18000353,0xcb8863c8320afccbb6069a48cf28174e8016617a,0x302f6dcb13bff5946404de11c53244d70de13e19,0xC02aaA39b223FE8D0A0e5C4F27eAD9083C756Cc2,0x85d3899552ee027bbc60eb026b0f8be1bd9fba7e,4.69,False,True,True,RUG,-80.37
18000354,0xc4f05b8c5ec2ce07681c4ad51a7b4402aa5063e2,0x477670983d00fbd07f023ceed86cca8162e5bbd1,0xC02aaA39b223FE8D0A0e5C4F27eAD9083C756Cc2,0xee6ccf4a870f5137a6946b2154109523a524f104,0.57,True,True,True,RUG,-81.37
18000355,0xe0e359a13f19802070b08587b614afcbbe3ea195,0x5c3a9a3ea4bf48307ecb26527175ce93d01f89b6,0xC02aaA39b223FE8D0A0e5C4F27eAD9083C756Cc2,0xcb85984c0a626200112cfd5900565289f15ed357,1.41,True,False,True,RUG,-85.83
18000356,0x41b05ba08c4e6510b0176c2d314b38cc7681384a,0x0f96666960095dddc693493cc47370e1b26879be,0xC02aaA39b223FE8D0A0e5C4F27eAD9083C756Cc2,0x654968ea136e94644b131f51ab8c59bc88f978e6,3.36,True,False,True,RUG,-95.75
18000357,0x40de690dc65828952d1dfbd3f6bb1c97978d0696,0x7af84e5be126f335d53441b1c7b571fae52624ef,0xC02aaA39b223FE8D0A0e5C4F27eAD9083C756Cc2,0xe6129fed32ccb65258d2dc99a1dc4daec595e3c0,1.2,False,True,True,RUG,-89.87
18000358,0x8a0efa5f51ac59b5d865149918464917a2fed38c,0x2780b9a7075ce0f1a8aefe153da4db40e62b95c2,0xC02aaA39b223FE8D0A0e5C4F27eAD9083C756Cc2,0x73d46fe73bb4e743c2650c0b3af9c6c12208b146,2.76,True,True,False,RUG,-90.59
18000359,0xd801e41683541c38a9ba10bcf106dacb6d7bc724,0x9b95ffedd2b2f9d99049718b4e4482ab5106c7c8,0xC02aaA39b223FE8D0A0e5C4F27eAD9083C756Cc2,0x650cadb2396f2d13a7a3c2198d190ef9bd5aa2f9,3.05,False,False,True,RUG,-84.48
18000360,0xce69c6ec7e914796b94dae2f7c0c66a32d6838a4,0x155f2f5a8b4b59e62752da5a832320f39353b631,0xC02aaA39b223FE8D0A0e5C4F27eAD9083C756Cc2,0xfabab47193debaec7ae218d7558ea758dfc73a2d,0.51,True,True,False,RUG,-86.64
18000361,0xdc9962af9c04db9c60115c05934393798f37a477,0xa1b5d8956af3254738abedeef9b66b01fa95b85a,0xC02aaA39b223FE8D0A0e5C4F27eAD9083C756Cc2,0x635bbfcce859498bbfa38798b22f38f0dc2f91d9,3.61,False,True,True,RUG,-98.16
18000362,0x4845acfcae88f735022e00cd410cd48e1ff50e4d,0x4d6427ad2e94b86ade58ceb83cab249922d58426,0xC02aaA39b223FE8D0A0e5C4F27eAD9083C756Cc2,0x8f2a7da1a2c376c53666f0aa32353c84baeff576,0.6,True,False,True,RUG,-97.07
18000363,0x318d76454d7e3c4fbd219098a8e481655ccc64fb,0x52fed80d431860c0b31a468f09b53329243e0627,0xC02aaA39b223FE8D0A0e5C4F27eAD9083C756Cc2,0xcd25596a14fd7384e81c7e0f9ac8b3382c1e6d22,1.51,False,True,True,RUG,-82.94
18000364,0x92540acc5b447dfd141a034541caaef46c2590cc,0x4cc0be0352ef3b9fca8ba2f1608f9b1c018e5224,0xC02aaA39b223FE8D0A0e5C4F27eAD9083C756Cc2,0x55cdeea7abbc20f2c23e902790d8c8bd14cdcd2c,38.84,True,False,False,SAFE,-9.2
18000365,0x9d58c4efcf80f58ae37372b16f09e0cc677d6062,0xf0b782f5ced87e2d80a1e9a9049bfcb3c8af2a1b,0xC02aaA39b223FE8D0A0e5C4F27eAD9083C756Cc2,0x0eeb096b510bbb268246960acdb7445ef4a4f470,11.35,True,True,False,SAFE,45.23
18000366,0xf0ba4d78c5e2a93d2fcaba6ed087d7a75d96e789,0xb53055c43d243b1fa4b934e3bb5c47272e2b34f6,0xC02aaA39b223FE8D0A0e5C4F27eAD9083C756Cc2,0x8162cf23523945b62ed31c7caeaf403ed646c252,22.9,True,False,False,SAFE,28.88
18000367,0x27e3127690fbba1d3a247676dbe11553f807f767,0xc3f26b51c3fcee9d394265ea8fea738471a79ff7,0xC02aaA39b223FE8D0A0e5C4F27eAD9083C756Cc2,0xc8886f7678f3cf087a9b6061609bef1ea7f7cd8a,3.84,False,True,True,RUG,-91.7
18000368,0x1865b6f0bee2e7045540f4fee9eebcb25d3aaa5f,0xa7ea30492cffb7e864c58a4124ebb989e2b2fc2f,0xC02aaA39b223FE8D0A0e5C4F27eAD9083C756Cc2,0x9b8b4220b790f0f2ac72f7ea61b36ae7f8407e17,52.43,True,False,False,SAFE,36.55
18000369,0x04c0e41bd40f5fae248f84b5bb046f3eb189b111,0x3562f9a4368c123185aacafd9fa3dba280dfd814,0xC02aaA39b223FE8D0A0e5C4F27eAD9083C756Cc2,0xe297ce1cedeee9280171c78aed8911aa7a8b90b6,4.05,False,True,False,RUG,-90.35
18000370,0x3ca60899d6424e7619407e713f02c7c511d464d7,0xd2bbb0c283e5091a25b453f20056c7ee2167404e,0xC02aaA39b223FE8D0A0e5C4F27eAD9083C756Cc2,0xe2cdc2daed496aaaf3bc384737a4424b5eb20984,3.9,False,True,True,RUG,-96.18
18000371,0x4d6c6647a1a4b18f7672120077b15e189018bda6,0xf2044df415349c5fd96fa9e116252c3f1874adf7,0xC02aaA39b223FE8D0A0e5C4F27eAD9083C756Cc2,0x8bb64a0ec11a4a4687170f7c295df2a7ef5cb426,5.0,True,True,True,RUG,-82.8
18000372,0x4cbcde5c5a256523d178635c3e7e4b171cacc8e1,0x5b9c49a3e56ceb056de76a6007a9001c69ea4d37,0xC02aaA39b223FE8D0A0e5C4F27eAD9083C756Cc2,0x37f505b1c29604a40ae419d6c478bb86acf4544a,43.53,True,False,False,SAFE,-5.58
18000373,0xf3ecfc255508d33e4c7611398dd4bdee8e69a2af,0x0aa85d497d3ec6d7ad49a5a1065c422dd9f99072,0xC02aaA39b223FE8D0A0e5C4F27eAD9083C756Cc2,0xeac6a6dda689ac7327aa2de536e4288107c1c3e7,4.07,False,False,True,RUG,-87.14
18000374,0xd0378d5c41225827338980ebf3f34cb3f16e8924,0x432f686e9b4f01905770088d24cae8f647c35aac,0xC02aaA39b223FE8D0A0e5C4F27eAD9083C756Cc2,0x360e9331e82789c4102ea88632965a0e8ea610cf,1.33,False,False,True,RUG,-88.1
18000375,0x6b354f2b5ca4c05a73b02bcedd7733206c89f2dd,0xc77855e6e48cb5653666be695c41f09ebc97981f,0xC02aaA39b223FE8D0A0e5C4F27eAD9083C756Cc2,0x7999a54f395efe94517c262a9c248c4eb82b53b4,32.29,True,False,False,SAFE,30.48
18000376,0x23ed472335a46364e70d67397dac65b09a441a83,0xd4bb8b6ffbffa238c61b8b768c24f06cd95b5968,0xC02aaA39b223FE8D0A0e5C4F27eAD9083C756Cc2,0x31a5ac86b6f322a140e7bcdb14b2bc1ea347bc2f,2.4,True,False,False,RUG,-97.11
18000377,0xd18172d95ec2e9a1559de7ba377b9a4a02e5627e,0x731272d8120f45a3e023cb0c720a37932062113d,0xC02aaA39b223FE8D0A0e5C4F27eAD9083C756Cc2,0x7e336f92dfce11f73650e0cccf033dc4136aa319,2.93,False,True,False,RUG,-82.98
18000378,0xddcfaebcce927b5a437f693dcee96e4e9e3651dd,0x83073181ba8da8eb8e3d376dcd3b493c83e43da3,0xC02aaA39b223FE8D0A0e5C4F27eAD9083C756Cc2,0x1cc884dfbc7df3351f5e07b29bdb7f6e376bf466,4.21,False,True,True,RUG,-95.45
18000379,0x01b0e9ff17bdcbc0de4cc4c34c8d9a7dec72a225,0xc9ef43edec604ee67d392358f4bef7f6b3670c0b,0xC02aaA39b223FE8D0A0e5C4F27eAD9083C756Cc2,0x0b46926a748f8e77008985f8658fd935a6a3b29c,4.35,False,True,False,RUG,-84.95
18000380,0x1c593401b48e48c8d0f3c7d3a8d844f34311ecda,0x88fcc37a4f3188aa7e6931095e76ad57dc6aee2a,0xC02aaA39b223FE8D0A0e5C4F27eAD9083C756Cc2,0x23f122f24ee12255dedec56454003799c02902c3,1.54,False,True,True,RUG,-91.55
18000381,0xceab5ca0a6326639bbb8cba9f01191db35193db9,0x9d844c4d335f5f4b6e737a3a77ed49ee28bbed44,0xC02aaA39b223FE8D0A0e5C4F27eAD9083C756Cc2,0xedbf368a788f4931f71f4e7f00d107c64e0534cc,3.89,True,True,True,RUG,-98.22
18000382,0xf64445147a64ce5825d5380fe43710aa887109b1,0x7a1cec75e9f32f64eab2ff23a282c84bd7afbdc7,0xC02aaA39b223FE8D0A0e5C4F27eAD9083C756Cc2,0xf0a2baf2a852b31dd7ca2ac6709cb06925fc1e0f,99.9,True,False,False,SAFE,28.2
18000383,0xd8044280dc9323f4b475552b791e3ae27d95e42d,0xe365d41c06971ebdcafe325f1e9eaa9dcd36efc7,0xC02aaA39b223FE8D0A0e5C4F27eAD9083C756Cc2,0x518a57e282eeebb149ad855bc99a84df208d9398,2.04,True,True,True,RUG,-80.53
18000384,0xb61b421b0fca3c47ff9aac31adb5bd04353c8676,0x66c899c9ccf18149391598bf167503e6296a71e2,0xC02aaA39b223FE8D0A0e5C4F27eAD9083C756Cc2,0xca1edb5d92f4ff0534121ce4d07050d2558fba2a,39.57,True,False,False,SAFE,14.27
18000385,0x71592d17a755f772402dceec2a42e65ff2f16f2c,0x45655e11ef082626d9e8e04038a163988f43f93d,0xC02aaA39b223FE8D0A0e5C4F27eAD9083C756Cc2,0x8023b6c7f18d90bbd504111b2b840f6bdd3beeef,58.95,True,False,False,SAFE,-13.39
18000386,0xefdc69f6f7b723cd9232c84e1b54a512a2dc4711,0x2a2da98669eea92aaeaa3dd12333df7a25426797,0xC02aaA39b223FE8D0A0e5C4F27eAD9083C756Cc2,0x0b9f09f726f59db2ea7a84567b0e6109bb0f95a6,2.05,False,False,True,RUG,-88.31
18000387,0x3ce687e682a9d34541b746cc08602bfd74a3777f,0xf8cacc0d24986997c61bd27038e0af9dcd69e75b,0xC02aaA39b223FE8D0A0e5C4F27eAD9083C756Cc2,0x9cb6025ea8ef15f507ae7267b0b41cac96dbece8,0.59,False,True,True,RUG,-99.2
18000388,0x3a7baaf932466089cf3604de05f7ad8b22456da1,0xa79a804eb0bdc6603eadfafc96515e21159575f9,0xC02aaA39b223FE8D0A0e5C4F27eAD9083C756Cc2,0x8bb5f00a46e18c39e86c06fbee7dc76e80a2240d,1.2,False,True,False,RUG,-87.39
18000389,0x9a9c4f7865347e3c2a43c9ab3e715e516f710795,0x9b7394c06bb419e5b1abc108cd326ba78ee6e7ad,0xC02aaA39b223FE8D0A0e5C4F27eAD9083C756Cc2,0x62b12cae062ddfa70a1e8dc2462efbad7e9a279a,53.49,True,False,False,SAFE,6.66
18000390,0x4cfbd466a9efe5a44e86f9dd2c7677a55927e04f,0xbc66e1d93b19bf44317d151fb7f7ad3df17b0235,0xC02aaA39b223FE8D0A0e5C4F27eAD9083C756Cc2,0xe8392beff92ec22f5ba9709070a035a6232e7e1c,4.84,False,True,True,RUG,-97.38
18000391,0xaa8ea1b1b1e97483cb4f3b4c93ce679f7912f290,0x2fbfaa8cebee4b49d45aa97fcc6f1c3dd6b79209,0xC02aaA39b223FE8D0A0e5C4F27eAD9083C756Cc2,0x1f56f3d9ac90c176ad4a8f9847e347a1bce2ea2b,3.47,False,True,True,RUG,-93.2
18000392,0xac595b0ad228095522d06b5ad344a9a660a4003f,0x46b9ab98a0e12fa371ac3be123a74702a14c697d,0xC02aaA39b223FE8D0A0e5C4F27eAD9083C756Cc2,0xda9f14a7757e95cd490d9cdfd18b31b8dacb1298,3.21,False,True,True,RUG,-81.59
18000393,0x68a404ad0fb421e9740c9489c44e09ea449ebc10,0x5303e3f371f1069f44e563278de54eb4b5045642,0xC02aaA39b223FE8D0A0e5C4F27eAD9083C756Cc2,0xeb8244cb03d0d5b3750e97e78b9d44840361a203,4.91,True,True,True,RUG,-82.58
18000394,0x5e066916b5de6fc3d273cbb3775d7d363f49b769,0x86aea5a2674a776405fd2eed61b20625cc6ee417,0xC02aaA39b223FE8D0A0e5C4F27eAD9083C756Cc2,0x4c24d8928dc4c5aaf5373afa8e34192e07c071d6,4.71,False,False,False,RUG,-89.69
18000395,0xd146d67dbd803beb2e4a6558040e05faf8961f42,0x090721f825c9796f7163d6c0c70ebec1b28769f4,0xC02aaA39b223FE8D0A0e5C4F27eAD9083C756Cc2,0xf2db1b7961f20481056cc4ebff83b4b75da90eff,0.56,False,False,True,RUG,-84.6
18000396,0x6b4c667e8f11f3c4fe00c0a1cf797ed7c21c1aa3,0x7b0b0c4aeb0c58e97bf57856c7e2a66abcb5ff54,0xC02aaA39b223FE8D0A0e5C4F27eAD9083C756Cc2,0x5b66f1ebb9cfe8aaf2b1fc5b3b9434cb22bd11eb,3.86,False,True,True,RUG,-87.32
18000397,0x2cafb8b178e83ace4aa5bd484c46a0825431c755,0x35f9a0844da947cc641833826a6d7b4e83feb824,0xC02aaA39b223FE8D0A0e5C4F27eAD9083C756Cc2,0x1ffe98293f199c2ca144a883515a5992bfc79d13,3.48,False,False,False,RUG,-91.87
18000398,0xee77a1c3b89e4d908382629c5bfdd21d6dfe7b31,0x12812e55971246134b5d42de860fd8012c99343d,0xC02aaA39b223FE8D0A0e5C4F27eAD9083C756Cc2,0x23628d1d17baaf13dd43dec97f357e58c37afa2e,2.42,False,False,False,RUG,-89.73
18000399,0xccacd3657f5842074222a268b85a697a7a71e194,0x36b69d00ac3b5dbed1585f91383052c80e33ebcc,0xC02aaA39b223FE8D0A0e5C4F27eAD9083C756Cc2,0xb105db5990e3204f6895460dbfc87de797c5f762,3.65,False,True,True,RUG,-95.41
18000400,0xb6dc677512675853fb7e0aa9908d216f9a3e7dd9,0xd53cc70a22996c4e76858a0129ab0cbddf698040,0xC02aaA39b223FE8D0A0e5C4F27eAD9083C756Cc2,0x758c2173357ae567619928259fbdaa00e68825dc,0.51,False,True,True,RUG,-94.91
18000401,0x6730ad99d3b8b031c6e160f76cf25e6783c40ed7,0xe880fc981bd5c4f916e58527ee7dbf39da5ed204,0xC02aaA39b223FE8D0A0e5C4F27eAD9083C756Cc2,0x0dc08d4fb03e74d66092988e27c0b2f3fc9a62a8,4.8,False,True,True,RUG,-94.06
18000402,0x92df78c649caaf6289d014378ec1ab402540b1f1,0x798d75e90667eb2fec5edaef01509f2070cadc13,0xC02aaA39b223FE8D0A0e5C4F27eAD9083C756Cc2,0x354a6fabd2432e85ff6ae291e4ff9af6a05eb1a8,2.97,False,True,True,RUG,-81.93
18000403,0x7075ffea36664279429d933f1e461c79f0065c21,0x149aac68b2df93a45c03893f283a33a4d24debbb,0xC02aaA39b223FE8D0A0e5C4F27eAD9083C756Cc2,0x4f19f5dfb025700fcb7c1a55cba2cb074c674809,80.62,True,False,False,SAFE,-19.44
18000404,0xd670da624e491c050f5883afcd1b36cdf5bceb4c,0x5a4ce678b2d38aee863cb7f46e31bc388fecea3f,0xC02aaA39b223FE8D0A0e5C4F27eAD9083C756Cc2,0x908df7767a8a319adb5f6797e8017b51f7710f4e,3.96,False,True,True,RUG,-88.12
18000405,0x68c3f31600fecf960373baeeb5907d18fb343257,0x7233539fcce23ba1efe0a725a3a4e07a7dc4be3b,0xC02aaA39b223FE8D0A0e5C4F27eAD9083C756Cc2,0x3c6ab003dd6f62159f3dc65f1ad6485d1aeee78e,4.52,False,True,False,RUG,-99.08
18000406,0xbdaff881607f776d288b7d1856f894d0678ed09e,0xe7d9b652efda8f7bd73e71a0c096f4dbcf1a1e6b,0xC02aaA39b223FE8D0A0e5C4F27eAD9083C756Cc2,0xc79016c25d810de0e0e878d53c4097cbbfe4521e,1.39,False,True,True,RUG,-91.33
18000407,0x03d4b1e24c1cd5c4449223ec698a0dd457737ea0,0x32982c384b24b1f6c951c07ded1b7248a675c447,0xC02aaA39b223FE8D0A0e5C4F27eAD9083C756Cc2,0xeba1a360b60956dc0942d4d7616b960579d49faf,0.8,True,False,False,RUG,-95.91
18000408,0x41631d398a2676c38ea7e999dd5d5e7cc6529090,0x8ff5c8fbf438ce2b613f7f15fea7e8684ab7266e,0xC02aaA39b223FE8D0A0e5C4F27eAD9083C756Cc2,0x473809cf8828eb1eed47920a8b56324b657275b8,4.37,True,False,False,RUG,-97.17
18000409,0xcea2423b1bb3bd1b6d5255d51e936176c7d3aded,0xbb19fb401c6ee02049faa7a951a64b49d3ec2d87,0xC02aaA39b223FE8D0A0e5C4F27eAD9083C756Cc2,0x55b42f6151b9f81fea6ce47f03619a4f176d1777,3.78,True,True,True,RUG,-90.58
18000410,0x0514cb39373d90002d67465b5d404c93240b1b44,0x335fa307a9030a8e389bd5759176441593cd8b9d,0xC02aaA39b223FE8D0A0e5C4F27eAD9083C756Cc2,0x30e5c432f793a77e0a26e9a94074c46e167e7bbc,4.42,False,False,True,RUG,-92.27
18000411,0x0dca8053c28a8616c79f0029bf03418fb7808e6e,0x80c3e2dc4d6f3a1a8c21a205dccce6e88bc4b3e8,0xC02aaA39b223FE8D0A0e5C4F27eAD9083C756Cc2,0xfee3a350abb90a753b9e08d43358c817172ce473,95.18,True,False,False,SAFE,25.27
18000412,0x115090aa94d0a67dfcd20b28f71fd84447e060fb,0x0a7c906b1be4f204de91daa26d61899fd2d128d7,0xC02aaA39b223FE8D0A0e5C4F27eAD9083C756Cc2,0x58f925c7da9517f1bf63c21ffe76e358ee747a49,0.12,False,True,True,RUG,-99.73
18000413,0xd8cda12d1002aaf8d957c077bf0a32c2aa00bfaf,0x6398cff49203070f37b005d8268c5b14e4e27cfb,0xC02aaA39b223FE8D0A0e5C4F27eAD9083C756Cc2,0x2800aa07c9e156678d8f259230aa5763ff9b6a51,2.3,True,False,True,RUG,-97.43
18000414,0x01ed56612488ce8414ae9ec17414093f03d52c6a,0xad88561a9e7f1f22ba8a2c9a06cf62eba4af6b69,0xC02aaA39b223FE8D0A0e5C4F27eAD9083C756Cc2,0xc414280d48d2618a289e63915475556a582219d2,4.48,False,True,True,RUG,-92.86
18000415,0xea36dc78782d6f18a653ddc3da10817b07d9a9ff,0x4e89d4879fa732a902f54ff4c2710dc6d62b83a5,0xC02aaA39b223FE8D0A0e5C4F27eAD9083C756Cc2,0xa4d00ed4d07bc438b42de1d001dabf9a7de422be,3.09,False,True,True,RUG,-92.61
18000416,0xc1a968047f805c8079afbc22e43e2ca143d153e1,0x8ff490f8ca7fc5f297f68a825f8b64a9e4b6249b,0xC02aaA39b223FE8D0A0e5C4F27eAD9083C756Cc2,0xc47d247ff79598e8bcd69604ec20e0695a6bb4e2,66.78,True,False,False,SAFE,-5.91
18000417,0x698e1f1e66af2d529fe17af403864d0020ba213d,0x1553b95f5a7a98c204c4ae9bd90fb7b650f64a53,0xC02aaA39b223FE8D0A0e5C4F27eAD9083C756Cc2,0x92f7fbf20b8ec28455b478c3dab2cca2a4b79077,4.81,True,True,True,RUG,-81.19
18000418,0xf55f48634a4d85d6798e079fa0d62e2278b81f09,0xeae0caa8679845be6af188db300a37eec06d4b39,0xC02aaA39b223FE8D0A0e5C4F27eAD9083C756Cc2,0x53b0919c0e3e98d90801061912ac122174530e66,52.72,True,False,False,SAFE,9.81
18000419,0xcc5f8ad4bd73e34523c530dc77049f679dedb660,0x3158fa4df2d1167fe0668c97ccd9076bb0771f10,0xC02aaA39b223FE8D0A0e5C4F27eAD9083C756Cc2,0xf7b97da6b78751bb2f9932b20174f4ffda5b7e61,4.34,False,False,True,RUG,-89.53
18000420,0x0f92cdc5eb21142bd23b884f626a73c9e4f128ec,0xf3cd22527e79bb3c00a10f6e0eca23ba4b64bc39,0xC02aaA39b223FE8D0A0e5C4F27eAD9083C756Cc2,0x9e5014a0db62275fdf5f7471bf0e3c297f64a450,3.12,False,False,True,RUG,-85.75
18000421,0xc667ff224f71784703383d1b12936e1a8e2d8ad2,0xab67722004c89caf727f3c65650a5323dae19f3e,0xC02aaA39b223FE8D0A0e5C4F27eAD9083C756Cc2,0x07fb173fe18fd56436b66b9e0c59f1516d3624eb,0.72,False,True,False,RUG,-80.32
18000422,0x4106a9d0fc45de9092fb63d3c66157437c9f6a5e,0x66f1dcaaea597f61d331d1b0e8873ffc5eb5fc25,0xC02aaA39b223FE8D0A0e5C4F27eAD9083C756Cc2,0x396431aa3a4e0aab427335dba2bb857124bc0e04,65.29,True,False,False,SAFE,45.64
18000423,0xc24a79e1520fbe34cb7c8e9cfe86ffd05f4050ec,0x3f559ab886412b75a9f6a8074bc3815ce1a426f5,0xC02aaA39b223FE8D0A0e5C4F27eAD9083C756Cc2,0xd869389e4a6b4ea325a52e058fbe43918e6104b5,60.1,True,False,False,SAFE,30.73
18000424,0x7c1c5c815e16e2df9c2e165997f95ba80dc8bf5e,0x0998d653bb3ae5767cca2c6f0d79873f9e1fa3b1,0xC02aaA39b223FE8D0A0e5C4F27eAD9083C756Cc2,0x0de87426004ce1989d26fe8013e06f8da2714086,3.53,True,False,True,RUG,-88.7
18000425,0x89604735d2771c9a9de12616e9db8ef1c3f35209,0xc0afb965284ff28c40ea848b752c4f4d952e6e9e,0xC02aaA39b223FE8D0A0e5C4F27eAD9083C756Cc2,0xfa13539bcbc73d3ebbb0bbb7ab514e3cde02859b,40.26,True,False,False,SAFE,31.66
18000426,0x10d4142932c3aab9e3a6c0572b4d72d9d119ab49,0x41e2dbaeed7338a56303feb2962218fd54ce8c08,0xC02aaA39b223FE8D0A0e5C4F27eAD9083C756Cc2,0xd83bcb7f42204095d613b6b8899545effb5305f5,0.64,True,True,False,RUG,-90.8
18000427,0x7d91d4330e7d4b133473bdde180a485a8131c57e,0xf8b36186ec475ecf657966366abda4a7d10f1dc2,0xC02aaA39b223FE8D0A0e5C4F27eAD9083C756Cc2,0x997ac90c519870edb3d04a3df7f189559b89af02,4.65,False,True,True,RUG,-91.89
18000428,0x3aeabcb2383a097e73082ebd99fa6682d1b466d0,0x1d57c02b28df81aa2ff0ce384cb4aa55f0454696,0xC02aaA39b223FE8D0A0e5C4F27eAD9083C756Cc2,0xeccbe9c07a0fa2749ded8642fd9323113827b07e,0.58,True,False,True,RUG,-84.64
18000429,0x561308cae28b97d14c14f69cfa1de5e29aedeb4d,0x89ac7d34d3080b16bd1cf685c8112713881638ea,0xC02aaA39b223FE8D0A0e5C4F27eAD9083C756Cc2,0x97803a6951509ba12dbc0c3e475603bce27bee2b,34.56,True,False,False,SAFE,22.65
18000430,0xb1a614b6f8469f83e3c815467c7443ac1be69d69,0x9c70a964587d54f9bb9ab7e1f9f545a79019494f,0xC02aaA39b223FE8D0A0e5C4F27eAD9083C756Cc2,0xdcc2123a9471e6e3a6ac3c7f6a04041b346d60b2,4.39,False,False,True,RUG,-85.02
18000431,0xe56805fa39643eb4d19d363ec8f06aeab7003f5c,0xfff1b7bba18b85ceb8df02755a02ab20ca88c5bf,0xC02aaA39b223FE8D0A0e5C4F27eAD9083C756Cc2,0x5781d851749d13d53f0ab5e27f25f31cac0a42ee,4.74,False,True,True,RUG,-90.33
18000432,0x9e897b3b48eb50a874e0584a3a61b7d19e09ea38,0x205ff0d6699eb4fd28111a914b3986aa2ab12d3e,0xC02aaA39b223FE8D0A0e5C4F27eAD9083C756Cc2,0xacc086967566a98ccb5e26194f6138cda119e575,1.29,False,False,False,RUG,-91.36
18000433,0xc517a5b807b11005871c5d43169c7d8fee71891d,0x0f6b6c6e436527ceab2be3e0c720d1e5ef6b5846,0xC02aaA39b223FE8D0A0e5C4F27eAD9083C756Cc2,0x20c66fa1827cb3557c0c48537ee784caec068fa0,73.83,True,False,False,SAFE,-19.16
18000434,0x14dad9e66149416058a025213768800545c94d98,0x64644db97854fa279c5b6319aeea43137d424b64,0xC02aaA39b223FE8D0A0e5C4F27eAD9083C756Cc2,0x45334fd8cad395cd0c8d2c2113f237b6651e4e9c,4.82,False,True,True,RUG,-94.46
18000435,0x26078b2906ede4e6233aa78d2af8dc4002fec9da,0xabcc64633e9cb851ec68d88c930a696eea629895,0xC02aaA39b223FE8D0A0e5C4F27eAD9083C756Cc2,0x35bc7060a75de22d718b3357764ef2ccb6ecbd00,9.36,True,True,False,SAFE,8.14
18000436,0xd0085b36a336f79c929796ff5256631069f93697,0x4571c74d238f54dc7190c7ecc2aa98331ea4755e,0xC02aaA39b223FE8D0A0e5C4F27eAD9083C756Cc2,0x554a9b62bca45419d89126671428aa23cf80fdb9,98.23,True,False,False,SAFE,-7.71
18000437,0x196487fe74173cd56a3260c32641dc9f404e7d68,0x21c9b09a8815589845b31757ef5fe7d96e368fb5,0xC02aaA39b223FE8D0A0e5C4F27eAD9083C756Cc2,0x7ab3cb62a941fd7245fe00a225ad77c9be17080f,4.16,False,True,True,RUG,-92.19
18000438,0x8d031524db5a1bbd20e6770163d91623015bdc58,0x0bf464cd9e455e5f54dddd4172cf4f63e31c8980,0xC02aaA39b223FE8D0A0e5C4F27eAD9083C756Cc2,0xe64d1b067794f097ed688efda3766610262c6bfc,2.41,False,True,False,RUG,-93.48
18000439,0xe2b916a5021af18637d90a7bb520a613823a01f3,0xe92613b38e6c2ce28c362dc9c0ddccdd124caa0b,0xC02aaA39b223FE8D0A0e5C4F27eAD9083C756Cc2,0x9b8595e4afbb45d25154d1101cb277857a430baf,9.05,True,False,False,SAFE,-6.16
18000440,0x3d1cd19190976b4353c47301281a07f214f4584a,0x592a94090d6d1c16c7372b9b2d694abb19a54c85,0xC02aaA39b223FE8D0A0e5C4F27eAD9083C756Cc2,0x3088a83160e20d448d2fd502136426aab485a151,0.68,False,False,True,RUG,-89.9
18000441,0x483b0d5aea0d6e04b26a8474529e38135000a1f3,0xed59fe9b4aa8d5745a108c4a8a3d7c08f12b1231,0xC02aaA39b223FE8D0A0e5C4F27eAD9083C756Cc2,0xa6fd4749810ebb74ccef25bc3181abb53f362fd3,3.23,False,True,True,RUG,-83.58
18000442,0xec8d6438ceaba2915236c30ac41f9fc1626aadcf,0x9b6f627b1d60e12ca6f3c030a885007c05e27025,0xC02aaA39b223FE8D0A0e5C4F27eAD9083C756Cc2,0x9ba89a0ea20ed8ff1a11959045229ee933fab136,36.12,True,False,True,SAFE,-12.83
18000443,0xedc48bedb23812fa1fbad517a436578f5bd7e72b,0xbb64d5707139b91e58aec174ebc5ca3c1802b2dc,0xC02aaA39b223FE8D0A0e5C4F27eAD9083C756Cc2,0xe8374fbbb129fd56c420498edff70e012c42361b,1.24,False,True,False,RUG,-82.85
18000444,0xeca1637723fa804df53eeae9a6571c0087333543,0x51c575960088098abf81cb8a7af1c58dc0909add,0xC02aaA39b223FE8D0A0e5C4F27eAD9083C756Cc2,0x981562af8947ae1643222314ea1fe0e716183cb3,3.84,False,True,True,RUG,-97.65
18000445,0x6a66e0cdb28462ff9ac91ebee2200354426a2c80,0x2dbc928a90dc7c57b668b2b92fbb27d0ca6b89a1,0xC02aaA39b223FE8D0A0e5C4F27eAD9083C756Cc2,0x64a0fa5e3baddfe084ab3a6d34de18e7dfca0ffe,0.86,False,False,False,RUG,-92.55
18000446,0x36b98db9f97bdc2bde08ffe0a441c363a5002c5c,0x71159fcc7e9f43db4daa1681ce211ed4b5619de7,0xC02aaA39b223FE8D0A0e5C4F27eAD9083C756Cc2,0x16f3ae3e361f7172532208a0d7d66b837f402ebd,4.93,False,True,False,RUG,-80.01
18000447,0xb5626b9dc8b516ff556dd91496a295a1e757efc9,0x3d230753db0186a8f29c35a845fefbe55a36473e,0xC02aaA39b223FE8D0A0e5C4F27eAD9083C756Cc2,0x0227add00468c6aed66a1724eec1cb8e63fcbecd,4.33,True,False,True,RUG,-80.75
18000448,0x3efcbe79f90f52c29e5fd30ff983b1b8ad80189d,0x6d7198cb48011aa213229a629a9f5fdeb194fc47,0xC02aaA39b223FE8D0A0e5C4F27eAD9083C756Cc2,0x5c448123b72c7d8b60217a12cc292e91cfa42f17,3.19,False,False,False,RUG,-85.68
18000449,0xa9dd60c91a463a410d2037a47a29664e34c47380,0x35751877dfd18bbc5c65ffb2cfadd7bd91082e3f,0xC02aaA39b223FE8D0A0e5C4F27eAD9083C756Cc2,0xb3c4a96eb01a8c17cbd89e8d1e01a99e1c19467f,4.65,False,True,True,RUG,-93.47
18000450,0x23d6a249a0d00ec82f158e51d9bfd9dfef775a3c,0x22dd5d9d9b9e6da0542a82cfe84a72bf3226f9ce,0xC02aaA39b223FE8D0A0e5C4F27eAD9083C756Cc2,0x64c25ae68d3e67e77f02cdec130b72277c9af5d8,96.17,True,False,True,SAFE,30.76
18000451,0x10caf766c42fb9d0622c2b6f41d82387718a498a,0x01bfdcc717515284372dbaa4e9ee5b815c43f6e2,0xC02aaA39b223FE8D0A0e5C4F27eAD9083C756Cc2,0xd5c5a59ce5a9627ddcdce15ae69a43897486e804,1.19,False,True,True,RUG,-94.38
18000452,0xd3e7f4338981bb6e593a1d093df010fcdaaf065d,0x8a584f877be4eb812ff3b95bb04237ae5558fdf7,0xC02aaA39b223FE8D0A0e5C4F27eAD9083C756Cc2,0x28435ac8dfa6c866331f00d16c3adb0a1be9511c,2.62,False,False,True,RUG,-95.65
18000453,0x60aef34111794f8d88522b830698d0847432bf6e,0x4c2cc20e8112a63ceadd724a1f916977fb1e9643,0xC02aaA39b223FE8D0A0e5C4F27eAD9083C756Cc2,0x9802b2a6948c15f13d4659dff65315a9caeaa177,4.69,False,True,True,RUG,-80.08
18000454,0xa70dffb72b6afe722632220c30a93b473fb3f781,0xbf003e03ab8a7ab979ee8e13aab98cc5fad80c83,0xC02aaA39b223FE8D0A0e5C4F27eAD9083C756Cc2,0xcece30d097a8b8b8cfcec257be6109b679354579,4.32,False,False,False,RUG,-92.34
18000455,0xe3cbff6f95805c1ae592ac4d0eb3ab710878ee03,0x5f1b5d35d6c4df1ae6c87ad0a8b73450c65c3d40,0xC02aaA39b223FE8D0A0e5C4F27eAD9083C756Cc2,0xd2a63cd793ebfa17f9124d887ceb79f1add9df4e,2.07,False,False,False,RUG,-87.46
18000456,0x07841fe1bc3f140bb88fcb6a8cb0f4dfd3428509,0xdc618cb688aff49845522bb5a0d4a8be075e3a9a,0xC02aaA39b223FE8D0A0e5C4F27eAD9083C756Cc2,0xf0de977aec75b6e683313156dd1d13f81e33be3c,14.99,True,False,False,SAFE,-0.69
18000457,0x0c752bd43c7fb848b050acad6111813386e8549c,0x6ecc7268a9ac78ede4cd57edd7ec557fa5c330ac,0xC02aaA39b223FE8D0A0e5C4F27eAD9083C756Cc2,0x556aa0b61e1782b8dbc36d76f39415e5057a3fc9,1.04,False,False,True,RUG,-84.33
18000458,0x5bffbfdc06e27dc572108c38e7dea2e69c57839e,0xc163db0705e41efa93f699aef4975bb102ed74a8,0xC02aaA39b223FE8D0A0e5C4F27eAD9083C756Cc2,0x9ea2ad81b2e4351528e62f99a552ad42a277d605,1.09,False,True,True,RUG,-98.62
18000459,0x1891f159b349da66dac41275ac59ed3961da6078,0x6f310464e510e956a8d8a9e51dde14ac5488a4e7,0xC02aaA39b223FE8D0A0e5C4F27eAD9083C756Cc2,0xd21ff2326b0d924a22ecb050992f13961e301966,3.38,False,True,False,RUG,-83.14
18000460,0xdac9ebeaee005d68fc5a1fef3457f26bb829dbe5,0x6ec3693443b4e5828a067e474c369599a86546fc,0xC02aaA39b223FE8D0A0e5C4F27eAD9083C756Cc2,0x453405b96638672432b73ec1f016e8ed775e73b7,21.07,True,False,False,SAFE,20.87
18000461,0x8a748d0e244789daae9bbc14f339f01fd8a54981,0x4c3da059e8d252f3c0fa24a1a3da7e7c3d94ea56,0xC02aaA39b223FE8D0A0e5C4F27eAD9083C756Cc2,0x1104759682b6552e6224c7db394d8b8c5206bada,3.53,True,False,True,RUG,-86.28
18000462,0xc4304fcbfa15a40f34c473444dfe798387c12a78,0x2d3bf11e5a1b1c8db3c9acb7965ed6eca9778c94,0xC02aaA39b223FE8D0A0e5C4F27eAD9083C756Cc2,0x134c58fff4bfa9523abd120cd1c5b2574dfb13c9,1.44,True,False,True,RUG,-86.95
18000463,0x840eab9ec9cd12bf4412c11f4dd454cf5b106173,0x4a0dd0ae5257dfac97b4cbf9aae3637bd35374a4,0xC02aaA39b223FE8D0A0e5C4F27eAD9083C756Cc2,0xf666a1c5cb2fe942487a4151cab4f0a440c8071d,31.76,True,False,False,SAFE,2.01
18000464,0x2e303dc38919c4f9bb6a8ed44b765f034896d6e0,0x6a140daa41722dcab6479b58647e37451509d95a,0xC02aaA39b223FE8D0A0e5C4F27eAD9083C756Cc2,0x80c2cdac76537d290d109dee8bf5cb8458c8f452,0.21,True,False,True,RUG,-86.78
18000465,0xb12fe0257d09f6923e582cbe3809e624e4d5e537,0x62eea8ab0a0a0b617594c0b1a4950bea9e2e4fe9,0xC02aaA39b223FE8D0A0e5C4F27eAD9083C756Cc2,0xcdd4d9fc2f73c9f866f1b17e03b8cb0fd508b2dc,2.88,False,True,True,RUG,-95.38
18000466,0x7d9a1a1ade936e91de1b6ebe092823bbadd7ffae,0x04f127d580c6aa429134059fb325052484005643,0xC02aaA39b223FE8D0A0e5C4F27eAD9083C756Cc2,0x7105ae30a87758fef71a12b78d3fe435941c6ef0,1.16,False,True,True,RUG,-98.54
18000467,0x864a3814e72ceaa7def7dc157d18965d215064c9,0x0f39f2cbd247a38c798859afda1b10add0b2a924,0xC02aaA39b223FE8D0A0e5C4F27eAD9083C756Cc2,0xf486f6cc971c286cb12e0338bb18ecd6c9ac891b,4.11,False,True,False,RUG,-88.78
18000468,0x9df634c4a6b92ab98a1f637df97361e46a1cf5db,0x57cb4de3b0e0ba64d9a4ce3445ceda22ed1d1d8a,0xC02aaA39b223FE8D0A0e5C4F27eAD9083C756Cc2,0x744b30aeb0260de9232b8572fc4fc7ceaca90637,2.29,False,True,True,RUG,-93.22
18000469,0x4191dbd85a613d81b30eaccb1b54f4c03855df5b,0x94474cb5d2005cc47841dfc20d035faed2049bae,0xC02aaA39b223FE8D0A0e5C4F27eAD9083C756Cc2,0xa5fcbcce5477ff91bbd4d5575b0653ab6ef89b41,4.24,True,True,True,RUG,-90.01
18000470,0xa299201aadf246e99c0d30af7d27dff208744314,0xf1c8c935de4f46fc129266a81e8dc60e34a37984,0xC02aaA39b223FE8D0A0e5C4F27eAD9083C756Cc2,0x6c21e25e416d9e057415cc3ff5458a93b02ea595,38.52,True,False,False,SAFE,37.17
18000471,0x98097d648d42ee8180d67e53dcd19472a287e654,0xab5913cecda6a0c6d35f70705bf03e8c8c574b83,0xC02aaA39b223FE8D0A0e5C4F27eAD9083C756Cc2,0x1c8b5a3340e47febcea867acb953910a3c033eb4,9.91,True,False,False,SAFE,29.6
18000472,0x9065b3bdb69c55f1e1115400952e74b3b7a7f21b,0x0cfd16277da822fb283b4d54e5a2a8e491afa23a,0xC02aaA39b223FE8D0A0e5C4F27eAD9083C756Cc2,0xf225b7d07e1d37ae014c0004d9c09c5ff0c4f31c,25.7,True,False,False,SAFE,26.23
18000473,0x3c29af97c85537841fb0f9cb04dc6015d4fde066,0x08fd6bbe4095c4bacb49f26a25a268a47ec95f5d,0xC02aaA39b223FE8D0A0e5C4F27eAD9083C756Cc2,0x27e80a3c0f4d1c68acc9b1aca4956ce62499a0a5,60.6,True,False,True,SAFE,-2.29
18000474,0x8e4a5d5a1ea322318de2e35227baf3027db4caed,0x091f0771c55e41e50877c2f9ec3bf4b2f27dcd04,0xC02aaA39b223FE8D0A0e5C4F27eAD9083C756Cc2,0xb47af6dfbc8e0a1965f65dc50281b469321afe0e,3.59,True,True,True,RUG,-81.47
18000475,0xbb7cce458cf2a49103380929dd65fe6aa0921da1,0x17feb6370ce4fb2236c313355e0ca7bfec13bb0e,0xC02aaA39b223FE8D0A0e5C4F27eAD9083C756Cc2,0x0ea907c3fba0b94359373321a3ee7e3f694a46d2,3.89,False,True,False,RUG,-97.32
18000476,0x9e01444fc6dcab0c25b3a848f166614890d7b654,0x23a73d66dfb4be7e1667a5f037f31ab5e109e72e,0xC02aaA39b223FE8D0A0e5C4F27eAD9083C756Cc2,0x13167ab4bfc2d18818c686fc6abd15308e78e566,2.56,False,True,True,RUG,-97.41
18000477,0x5bbb5b9e02e190f3f98483a9923e5e880c914ec1,0x144bdc22a863dfd843a80e4f305aa5ff960a365a,0xC02aaA39b223FE8D0A0e5C4F27eAD9083C756Cc2,0xc0e9619049373ff02b38049dc6eca90ca45f01ac,1.6,True,False,True,RUG,-95.21
18000478,0x60e20262c3637495cd33a52bab56d2090a4e0bd5,0x4ddeb82b00ea24692c968892f662b09d941eb681,0xC02aaA39b223FE8D0A0e5C4F27eAD9083C756Cc2,0x9b97d7bdea6e5d2d6f18faf7b22fc928231d146e,3.2,False,True,True,RUG,-91.41
18000479,0x448d9b48d6f1c7a9214b051139f220d76e1c3109,0x78bad14ee7bbab808fd2ba570a5139289cdb5abb,0xC02aaA39b223FE8D0A0e5C4F27eAD9083C756Cc2,0xb36607ef04ee5fce0beadd4d755a8c56a97ae90e,4.65,False,False,True,RUG,-81.29
18000480,0x488f6c20ba0ed75aebf0c3db3e642acc07ff9fe6,0x14f92ba74e7255e8ef43202360895201c373f2fa,0xC02aaA39b223FE8D0A0e5C4F27eAD9083C756Cc2,0xe1e793bb241f86c4dedba0292b78948bdbb41a20,2.8,False,False,True,RUG,-96.42
18000481,0x3797295da98ecde81aac55d046e41eaab4e41ed8,0x4b615557e7df6e25dfb1843997ac24a13b2296cb,0xC02aaA39b223FE8D0A0e5C4F27eAD9083C756Cc2,0xe6549882eed2c042feef9fe3f6a8edfe428fb99d,95.69,True,True,False,SAFE,23.52
18000482,0xfb5f1152478f975414e79fa2cf170e6ea8f53f46,0x92ad8058f51dabc1de0a90b63be1efed5aed8bfb,0xC02aaA39b223FE8D0A0e5C4F27eAD9083C756Cc2,0x71a62bc01efe73d82b8fb3f9e67a73c87df3da82,83.81,True,False,False,SAFE,41.94
18000483,0x4cd99a29864aa5d4b970fd3e58ce25056fb836b2,0x3c2451e1b974091e1c318cbc293d75e73fd36c44,0xC02aaA39b223FE8D0A0e5C4F27eAD9083C756Cc2,0xf615448bf334570c1a4cb0a5c2dcf649d9a2ff24,0.13,False,False,True,RUG,-86.17
18000484,0x412128f822aa2c3b468ecd71ed64c9a18dff4610,0x6f52bc7653b8e228c5ade6e79ee1ac5a29c314f9,0xC02aaA39b223FE8D0A0e5C4F27eAD9083C756Cc2,0x1dd900561e7fef4c460327e3a4d12e173e7019b7,2.42,False,False,False,RUG,-83.48
18000485,0x80b8e0d178acb8082fd4c9f658be6469e6c5a605,0x87e8adbb4c1bb42dffe20857239217f2df2d55cd,0xC02aaA39b223FE8D0A0e5C4F27eAD9083C756Cc2,0x52f599a48510d4969a1e9aa75d647fa5cb87d2f6,1.38,False,True,True,RUG,-97.52
18000486,0xfe929734e934b8a16cbd72a686a7593a8c102189,0xa7ab25dfb3e0f3033101b1d172a84edf12ba88ae,0xC02aaA39b223FE8D0A0e5C4F27eAD9083C756Cc2,0xa1e74cd4d09a6b68de92f0649e46eb27210642f6,80.59,True,False,True,SAFE,12.8
18000487,0xadc73d1730fff66c36811e04fcfc5363eaaa135c,0x0f2c268d0f7a163e4d823ac55da784bf31528cc8,0xC02aaA39b223FE8D0A0e5C4F27eAD9083C756Cc2,0xddcdad9956b31f64dfd815182b763d7bdae5570c,52.38,True,False,False,SAFE,13.26
18000488,0x4eed69618e7e716256f6126e84ac62a882f547c3,0x7ba6390abf386654899d58b504e74d466193251f,0xC02aaA39b223FE8D0A0e5C4F27eAD9083C756Cc2,0x12475e7be7b4bc0cb093292466fee5ecb278b5db,78.0,True,False,False,SAFE,-17.82
18000489,0xa88d74d30690b9391d4f5f9ac6e84b98a132a0ed,0xc0d6f4a1fb1940471b7e01042db40cb88e6f0423,0xC02aaA39b223FE8D0A0e5C4F27eAD9083C756Cc2,0xcffd7a60ca6a2e84494268844bc6d2606d83ef6a,0.68,False,True,True,RUG,-99.8
18000490,0x6326a97793c76f67cdf568493931b15ab53aabc6,0x02d597cfcbc70c1ee72fc2016abf0720fae42595,0xC02aaA39b223FE8D0A0e5C4F27eAD9083C756Cc2,0x76ba97b64959edd1e294739f9b4f0064c55e74b1,3.9,False,True,True,RUG,-87.15
18000491,0x12d317398c8d028609b49a506462c18a2c610e8f,0x8e5be665eb1ce63c389a414b32c3214adfc40772,0xC02aaA39b223FE8D0A0e5C4F27eAD9083C756Cc2,0xc23c7d4869bcb5060be7036f0518387abc160c09,2.8,False,True,True,RUG,-89.18
18000492,0x9a84230b948b2b4702409d2c7942cbc437cddd89,0xf44dfddd38eb8cf6ae161ab143270905a67a3906,0xC02aaA39b223FE8D0A0e5C4F27eAD9083C756Cc2,0xea78ac8dbe991dbb75dcd35bdc9da92c0c64b9be,4.34,True,True,True,RUG,-95.52
18000493,0xf6a2d37198d845f0ea9e69a5e7746a7f594d305a,0xa2d3691afc33ba50ad8b6757bd86c5d0fcb50532,0xC02aaA39b223FE8D0A0e5C4F27eAD9083C756Cc2,0x7d9a94021692cc44f0d325eb55ef4860fc36f164,1.92,False,True,False,RUG,-89.9
18000494,0xc737285c70c01dcfc03fa02465cade7a42ee977c,0xf53e6f898b0cdb3aa199c4e2353a277f9cd0baf2,0xC02aaA39b223FE8D0A0e5C4F27eAD9083C756Cc2,0xb8cf3e1038fc849b00cb424a45e4b5b00d15885d,2.93,False,False,True,RUG,-94.02
18000495,0x28fec1bea193f3b7abfe24ae100168ba467cfbb1,0xb3e5129854e18fed4d185e83a535a8c74fde5136,0xC02aaA39b223FE8D0A0e5C4F27eAD9083C756Cc2,0x814c04d5766e180cdbd9298a723049c7322bf2ff,4.68,False,False,False,RUG,-87.89
18000496,0xaff398fba5832f065d724e78a4ea3bffacc59764,0x3c2dc65446fad55e8201838963ea03ed8abaf629,0xC02aaA39b223FE8D0A0e5C4F27eAD9083C756Cc2,0xb5ece53d7f6e747ea247b17e4bcf376ef4f0e740,1.14,False,True,True,RUG,-99.1
18000497,0xae483d705d6778f5f23345cb72c95d346c58e305,0xb8136851520f67a299d6e688e11282dc404d4ea2,0xC02aaA39b223FE8D0A0e5C4F27eAD9083C756Cc2,0x6f13f3d080a679a664517b314163f82e8ca787b3,0.81,False,False,False,RUG,-85.63
18000498,0x50570950f7b0da98034a30f9bcafcfc9c8f0229b,0x6b2d4a9d1a96b5afcd9ed7dfe84cff35cf750856,0xC02aaA39b223FE8D0A0e5C4F27eAD9083C756Cc2,0xb4e4de603aa0006910744d41921ca9430c28b155,0.1,False,False,False,RUG,-83.78
18000499,0xce77d23dfb79274b3f07a97e2e1f2b2d2ecaa6b9,0x4428d25bee4cf285ee94de564b1599487c7b73f9,0xC02aaA39b223FE8D0A0e5C4F27eAD9083C756Cc2,0x2677e7369e0cdf1c76afa15a6c3e4dc36b9ee617,1.92,False,True,True,RUG,-98.86
